M_0_norm,M_1_norm,M_2_norm,M_3_norm,target
0.03637291347765879,-0.22240330291177754,0.9976952082873779,0.17871558411710814,-1
-0.9268897149938042,0.9067072287411267,0.003889640361428233,-0.3185942841657528,1
0.6388220715795612,-0.5094886281326958,0.39227033033807945,-0.026616266718760384,-1
-0.6160798892047525,0.4567941474721134,-0.3380737007271017,-0.009823775966461322,1
-0.84197098913915,0.7961393596986815,0.059566610757109735,-0.5000790287012531,1
-0.6205262774254683,0.6282413443430391,0.0021509641277068624,-0.8030276899891671,-1
-0.44762737808878206,0.3230841663045052,-0.3948950135056957,-0.2705662657349184,-1
0.2707194401924339,-0.28317398232652474,0.002392193749505762,-0.4863576323366957,-1
-0.013120489831620464,0.03494857308416638,-0.011205149228572972,-0.044993253679609886,1
0.6866389678547999,-0.6915833695494712,0.008459851250057226,0.8058147721493202,1
-0.3879291493549093,0.30874257569172825,-0.20839962708464266,0.5153191011027831,1
0.4770026969895766,-0.6344343039258294,0.7002626223108268,-0.3626197390706462,-1
0.4616225672425104,-0.5058670143415905,-0.1723218559198232,0.5199648038415512,-1
0.2623369050222319,-0.1581558742575691,-0.4572837527937438,0.5619441396695471,1
-0.11232597128070568,0.0655874257569174,-0.10616837794305548,0.18074668189045165,1
-0.15453021357241772,0.06602201941184982,0.4320580266284873,-0.2471327025956909,-1
-0.5543406953859611,0.6567796610169491,-0.4610238940520833,-0.06583125421902533,1
-0.22363146001895187,0.3614732724902217,-0.7014069646937393,-0.07960749523331109,1
-0.061156060937386215,0.058489062726350974,-0.0020950268241013183,0.11914315419293114,1
-0.1844157737444421,0.0888019701579023,-0.21448493147264114,0.3186882188122225,1
-0.59727385377943,0.7900550485296248,0.9886410231865116,-0.6693053595516688,1
0.323711640790145,-0.3348181949876866,0.0017978598986968773,-0.5285638038561525,-1
0.6866389678547999,-0.7110676517456177,0.008459851250057226,0.8058147721493202,-1
0.577666010642175,-0.47765464290888004,0.3901753035139781,0.09252688747417076,-1
0.3869086668124499,-0.3508619440822831,0.20895246577794047,0.416109257925192,1
0.11874043297616448,-0.17372881355932207,-0.18850858829062428,-0.02107915714452253,-1
-0.13426634594358192,0.10488193539040996,0.2956939097428298,0.056901917364340165,1
-0.1312048983162038,0.20835144140228887,0.36120943609038203,-0.2204370693405455,1
0.3063634375683359,-0.2842604664638562,-0.0017386762337213706,-0.4844334058234142,-1
-0.0610831693272104,0.1593147906707229,-0.21090956386383605,0.05450036276901276,1
0.9204752532983452,-0.9298855570042012,-0.005523808731047286,0.6527768416357113,-1
-0.24921641519061144,0.3720846008981601,0.4684889020223167,-0.5169508859899372,1
-0.5258400758072745,0.4797913950456322,-0.034279911266122565,-0.5332095065949207,-1
-0.6160798892047525,0.7676010430247718,-0.3380737007271017,-0.009823775966461322,1
-0.2359501421386399,0.2696291467477908,-0.017498845044512608,0.050040625910609884,1
0.84197098913915,-0.7903447776329131,-0.059566610757109735,0.5000790287012531,-1
0.5543406953859611,-0.41369694335796026,0.4610238940520833,0.06583125421902533,-1
0.9400102048254246,-0.9265174561784733,0.007315508867144741,0.3635875378453627,-1
0.6953130694657045,-0.8190279588584672,0.4123352159454612,0.08996525670542584,-1
-0.3536700925723449,0.21805736636245104,-0.6966872547020216,0.09843188302743654,1
0.30709235367009263,-0.3455381718093583,0.2597361707086641,0.2728321012458603,-1
-0.8647131715139588,0.875488917861799,0.005369981146132043,-0.4636389860160314,1
0.0,0.031218310879327818,0.0,0.0,1
-0.3536700925723449,0.4848254382152687,-0.6966872547020216,0.09843188302743654,1
-0.2214447117136817,0.2722004925394756,0.05741564662940288,0.302948661287914,1
0.12333260441723168,-0.126720266550775,0.00357536760880513,-0.2641878560432097,-1
0.8035571105765725,-0.8169998551354481,-0.0074650079702333625,0.5827821402089626,-1
-0.038413878562577525,0.09720411415326673,0.05210160278687638,0.08270311150770944,1
0.6160798892047525,-0.6807547443140664,0.3380737007271017,0.009823775966461322,-1
0.4511261753772141,-0.5717803853397073,0.4155542329638864,0.4293539606785615,-1
0.0610831693272104,-0.1593147906707229,0.21090956386383605,-0.05450036276901276,-1
0.3349369487571981,-0.3888164566130669,-0.5313572703927679,0.10736121988212168,-1
-0.6762883592098551,0.6651818050123134,0.0023047917126221033,-0.992165545608847,-1
0.20176397696625128,-0.2790815587425757,0.2180214676050594,-0.3628186168449608,-1
0.4932575260587507,-0.4516152397508329,0.2501143301882473,0.12033161698803807,-1
-0.3428821342663459,0.4001521077792264,-0.01618673237080107,-0.5410439609860738,-1
0.770026969895765,-0.8125090540344777,0.031060894247697382,0.1938208026217851,-1
-0.3049056053648225,0.3605678690424453,0.198130428811041,0.17357964140234478,1
0.7555944310809826,-0.8528538316673909,-0.2071694226054964,0.6822757566575852,-1
0.5264961002988555,-0.6945168767202664,0.2861019523950239,0.15413041517169127,-1
0.08491872585465418,-0.11636245110821378,0.05567697039568152,-0.18148474453550026,-1
-0.6725708870908959,0.5101405186150948,-0.3581385863344834,-0.12640529939064754,1
-0.5066695823310737,0.4736346516007532,-0.019891038794018368,0.5363982582473056,1
0.22363146001895187,-0.3809575546863682,0.7014069646937393,0.07960749523331109,-1
-0.3946351774910708,0.5128567289584238,-0.3954893473565046,-0.3127724372543753,1
-0.4894671623296158,0.6979211936839055,0.9634152970212554,-0.35449392247781264,1
0.0747139004300605,-0.1550050702593075,-0.38127432169776376,0.10385554591635926,-1
-0.8035571105765725,0.7799869621903519,0.0074650079702333625,-0.5827821402089626,1
-0.16845251111597054,0.2010719976821672,0.05682131277859399,0.2607424897684571,1
-0.4375683358845396,0.4122845139794291,0.02024414302302836,-0.8108621443803201,-1
-0.4243020628325681,0.3098290598290598,-0.46574360404380105,-0.2438706324797729,-1
-0.14068080763904084,0.12860350572214993,-0.007111903741223378,0.30831825407594804,1
-0.22363146001895187,0.06348688975807623,-0.7014069646937393,-0.07960749523331109,-1
0.1312048983162038,-0.05240475155729391,-0.36120943609038203,0.2204370693405455,1
-0.8550914789707705,0.8741127046211792,0.04836146152853677,-0.545072282380863,1
-0.07952474670165463,0.07011444299579894,-0.0050168769171220606,0.1891750998830169,1
-0.8166776004081929,0.8081269013472403,-0.0037401412583396095,-0.6277753938885724,1
-0.07952474670165463,0.0967695204983342,-0.0050168769171220606,0.1891750998830169,1
0.6336467672570888,-0.6019122120817035,0.00905418510086611,0.8480209436687769,1
-0.09949704788978793,0.2253005939446618,-0.15880796107695966,0.1372034742767222,1
0.5829870981849988,-0.6347240330291175,0.30616683800240563,0.2707119385958775,-1
-0.5563087688607041,0.6310662031001014,0.20875273131365266,-0.7897829872357975,1
0.15832057730155258,-0.4178617992177314,0.7814716005810154,0.01297039710591638,-1
-0.2623369050222319,0.3632116471099521,0.4572837527937438,-0.5619441396695471,-1
-0.6336467672570888,0.657395335361437,-0.00905418510086611,-0.8480209436687769,-1
0.0,-0.2979863827321455,0.0,0.0,-1
-0.4147532618995553,0.704440098507895,0.5821409753234915,-0.2506383765614534,1
0.6735184780231794,-0.6624293785310733,-0.0027452979785157466,0.7608215184697102,1
0.1706392594212407,-0.011842677096914368,0.7020012985445482,0.12181366675276795,1
0.7424739412493621,-0.8236998406489929,-0.21837457183406936,0.6372825029779753,-1
0.19607843137254896,-0.3353614370563522,0.09721437222446508,-0.1453973193293145,-1
-0.5927545739485386,0.4240547588005215,-0.4089222912652069,0.016871857288684133,1
0.9826517967781908,-0.9668984499492972,-0.0040434679463434734,0.5077321397854327,-1
0.35826226401341205,-0.6455164421266116,-0.6022058609308734,0.13405685313726715,-1
-0.1706392594212407,0.029298855570042026,-0.7020012985445482,-0.12181366675276795,-1
-0.7424739412493621,0.6576850644647252,0.21837457183406936,-0.6372825029779753,1
-0.8081492820176397,0.7418151528321018,0.11169218667410276,-0.833523523526163,-1
-0.061156060937386215,0.08970737360567879,-0.0020950268241013183,0.11914315419293114,1
0.09468620161819373,-0.0571852817615529,-0.03643087539382943,0.2698181833942463,1
-0.2441868940884904,0.22059249601622474,0.003219017018425182,0.33938870397313564,1
0.00991325898389095,-0.0334999275677241,0.10683621274488182,0.0071031649285077545,-1
0.22363146001895187,-0.08297117195422274,0.7014069646937393,0.07960749523331109,1
-0.4147532618995553,0.11983920034767488,0.5821409753234915,-0.2506383765614534,-1
0.052992200597711175,-0.051644212661161856,-0.0005943338508088842,-0.04220617151945688,-1
0.8977330709235367,-0.8467695204983342,-0.05972043834202497,0.689216884320933,-1
0.219403746628763,-0.024880486744893408,0.9923811644448514,-0.04152996566309638,1
0.8977330709235367,-0.9336158192090396,-0.05972043834202497,0.689216884320933,-1
0.8322035133756105,-0.8724105461393596,0.03254123503240119,0.048776100771506535,-1
0.44762737808878206,-0.34256844850065177,0.3948950135056957,0.2705662657349184,1
0.7009986150594066,-0.7971171954222801,0.3937506711227832,-0.17166096856903895,-1
0.3879291493549093,-0.4622265681587714,0.20839962708464266,-0.5153191011027831,-1
0.6205262774254683,-0.6107851658699115,-0.0021509641277068624,0.8030276899891671,1
0.5258400758072745,-0.4797913950456322,0.034279911266122565,0.5332095065949207,1
0.1219476638238938,-0.029443720121686112,-0.21622360770636248,-0.16574518701119176,-1
-0.14068080763904084,0.15982181660147773,-0.007111903741223378,0.30831825407594804,1
-0.3869086668124499,0.1885412139649428,-0.20895246577794047,-0.416109257925192,-1
-0.5066695823310737,0.533318846878169,-0.019891038794018368,0.5363982582473056,1
-0.07886872221007357,0.0092713313052295,0.1087930611106718,0.11643585056322713,1
-0.5056490997886143,0.6533391279153989,0.7043060902571702,-0.8703518788560789,1
0.3049056053648225,-0.24540055048529616,-0.198130428811041,-0.17357964140234478,-1
0.07886872221007357,-0.1474721135738084,-0.1087930611106718,-0.11643585056322713,-1
0.7574896129455501,-0.8560408518035635,0.41381555673016496,-0.055079445144852725,-1
-0.18252059187987468,0.2771258872953788,0.4065000478630201,-0.4186669829902154,1
0.013120489831620464,0.008872953788207944,0.011205149228572972,0.044993253679609886,1
-0.4498870180042276,0.3009561060408517,0.7041522626722548,-0.681214023236399,-1
0.8647131715139588,-0.8430392582934955,-0.005369981146132043,0.4636389860160314,-1
0.038413878562577525,-0.010357815442561242,-0.05210160278687638,-0.08270311150770944,-1
-0.10642175085647647,0.03791829639287272,-0.4953995313586023,-0.10856896399939846,-1
-0.6866389678547999,0.7110676517456177,-0.008459851250057226,-0.8058147721493202,1
0.84197098913915,-0.882985658409387,-0.059566610757109735,0.5000790287012531,-1
-0.7574896129455501,0.8789294509633492,-0.41381555673016496,0.055079445144852725,1
0.19607843137254896,-0.054324206866579516,0.09721437222446508,-0.1453973193293145,-1
0.8593191923609592,-0.8676300159351006,-0.007618835555148605,0.7719199958286426,-1
-0.15453021357241772,0.3091047370708387,0.4320580266284873,-0.2471327025956909,1
-0.4375683358845396,0.4573373895407792,0.02024414302302836,-0.8108621443803201,-1
0.11232597128070568,-0.0655874257569174,0.10616837794305548,-0.18074668189045165,-1
-0.4044026532546104,0.3330073880921338,0.03932246773408138,0.31078311567906697,1
0.1219476638238938,-0.1954584963059539,-0.21622360770636248,-0.16574518701119176,-1
-0.4894671623296158,0.3428581776039402,0.9634152970212554,-0.35449392247781264,-1
-0.055762081784386665,0.05642474286542086,0.00015382758491524085,-0.1891378556196799,-1
0.012318682119688007,0.11132840793857744,-0.6839081196492266,-0.129648121143921,1
-0.08936511407536997,-0.07898739678400707,-0.997100874436569,-0.13650941259765126,-1
-0.08491872585465418,0.029516152397508287,-0.05567697039568152,0.18148474453550026,1
0.36008455426780384,-0.5309285817760394,0.9994930681860748,-0.34984821973904445,-1
-0.08936511407536997,0.27607561929595825,-0.997100874436569,-0.13650941259765126,1
-0.7424739412493621,0.8236998406489929,0.21837457183406936,-0.6372825029779753,1
0.07952474670165463,-0.0879327828480371,0.0050168769171220606,-0.1891750998830169,-1
-0.44762737808878206,0.5665290453426046,-0.3948950135056957,-0.2705662657349184,1
-0.09949704788978793,0.13845429523395633,-0.15880796107695966,0.1372034742767222,1
-0.577666010642175,0.47765464290888004,-0.3901753035139781,-0.09252688747417076,1
-0.08958378890589698,0.10495436766623224,-0.0519717483320778,0.14430663920522996,1
0.7523872002332529,-0.8099014921048817,-0.11153835908918754,0.6443856679064829,-1
0.20067060281361612,0.07112849485730845,-0.23566336064993826,0.16426313724646185,1
0.28055980756614923,-0.4696508764305376,0.9944761912689528,-0.16067311985602753,-1
-0.8550914789707705,0.7872664059104737,0.04836146152853677,-0.545072282380863,1
0.06217654347984548,-0.08655656960741717,0.0014803407847038116,-0.14504470185027854,-1
-0.323711640790145,0.3259814573373895,-0.0017978598986968773,0.5285638038561525,1
0.6477877396311684,-0.7607199768216716,-0.18194369644024,0.367464319583729,-1
-0.02274218237480869,-0.00749674054758793,-0.054196629610977695,0.036440042685221705,-1
0.5927545739485386,-0.5109010575112269,0.4089222912652069,-0.016871857288684133,-1
0.2441868940884904,-0.24724757351876,-0.003219017018425182,-0.33938870397313564,-1
-0.1312048983162038,0.05240475155729391,0.36120943609038203,-0.2204370693405455,-1
0.3304176689263066,-0.13519484282196145,0.1888875801705588,0.2995277345010058,1
0.6866389678547999,-0.6535564247428655,0.008459851250057226,0.8058147721493202,1
-0.2578176251913405,0.39030131826742,-0.940279561657975,0.12423307717080585,1
-0.44762737808878206,0.34256844850065177,-0.3948950135056957,-0.2705662657349184,-1
-0.577666010642175,0.670396928871505,-0.3901753035139781,-0.09252688747417076,1
-0.08958378890589698,-0.01376213240620016,-0.0519717483320778,0.14430663920522996,1
-0.28055980756614923,0.4429957989280023,-0.9944761912689528,0.16067311985602753,1
1.0,-0.9911632623497028,-0.0005069318139252255,0.4636017417526944,-1
-0.1829579415409287,0.21595683036361005,-0.018093178895321492,0.007834454391153024,1
-0.051169910343319455,0.09459655222367096,-0.10407335111895416,0.06160352769752051,1
0.3349369487571981,-0.6318991742720557,-0.5313572703927679,0.10736121988212168,-1
-0.4044026532546104,0.4198536868028393,0.03932246773408138,0.31078311567906697,1
-0.5927545739485386,0.5109010575112269,-0.4089222912652069,0.016871857288684133,1
-0.8778336613455792,0.8666159640735912,-0.005835168082440928,-0.5086322396956413,1
0.19119469349077925,-0.19357525713457926,-0.0026246831676162976,-0.2971825324536788,-1
-0.1883519206939281,0.040199913081269,-0.4482447589992883,-0.29391125839038285,-1
-0.0747139004300605,-0.0065189048239895535,0.38127432169776376,-0.10385554591635926,-1
0.7183468182812158,-0.8213820078226857,0.3972872072552015,-0.21579136660177728,-1
0.28566222027844607,-0.321599304650152,0.1491861205565429,-0.28970395853454445,-1
-0.3148188643487135,0.2280530204259016,0.0912942160661592,0.166476476473837,1
0.012318682119688007,-0.186657974793568,-0.6839081196492266,-0.129648121143921,-1
0.4147532618995553,-0.3493770824279297,-0.5821409753234915,0.2506383765614534,-1
0.3049784969749981,-0.1796320440388236,-0.4686427296072319,0.7060887416096171,1
0.5041183759749253,-0.6254527017238879,0.4149598991130775,0.38714778915910464,-1
-0.4893213791092646,0.5002172968274663,-0.016354502661600122,0.4922678602145673,1
0.2804869159559734,-0.24449514703751984,-0.2864470655806618,0.3075402939257935,1
-0.6205262774254683,0.6049905838041431,0.0021509641277068624,-0.8030276899891671,-1
0.08958378890589698,0.01376213240620016,0.0519717483320778,-0.14430663920522996,-1
0.8593191923609592,-0.8401781833985222,-0.007618835555148605,0.7719199958286426,-1
-0.2816531817187842,0.1660147761842677,0.3977941390691267,-0.6793931083544716,-1
-0.36008455426780384,0.5309285817760394,-0.9994930681860748,0.34984821973904445,1
-0.6336467672570888,0.6193683905548313,-0.00905418510086611,-0.8480209436687769,-1
-0.2251621838326409,0.34039548022598864,0.4178590246765084,-0.5628115849302855,-1
0.0,-0.019484282196146518,0.0,0.0,-1
-0.3920839711349224,0.19719687092568447,-0.6445856519151452,0.18113499453514603,1
-0.4147532618995553,0.3493770824279297,0.5821409753234915,-0.2506383765614534,1
-0.7555944310809826,0.8148268868607852,0.2071694226054964,-0.6822757566575852,1
0.5730738392011079,-0.37168622338113855,0.19933062525752385,0.2636087736673697,1
-0.7009986150594066,0.8200057945820658,-0.3937506711227832,0.17166096856903895,1
0.2116772359501421,-0.07293930175286098,0.3773961684611831,0.3206068916455283,1
0.051169910343319455,-0.1258148631029988,0.10407335111895416,-0.06160352769752051,-1
-0.00991325898389095,-0.013798348544111315,-0.10683621274488182,-0.0071031649285077545,-1
0.012318682119688007,0.16217586556569613,-0.6839081196492266,-0.129648121143921,1
-0.1844157737444421,0.111690569317688,-0.21448493147264114,0.3186882188122225,1
-0.1706392594212407,0.011842677096914368,-0.7020012985445482,-0.12181366675276795,-1
0.2214447117136817,-0.18535419382877008,-0.05741564662940288,-0.302948661287914,-1
-0.2116772359501421,0.3477473562219324,-0.3773961684611831,-0.3206068916455283,1
-0.5041183759749253,0.6254527017238879,-0.4149598991130775,-0.38714778915910464,1
0.219403746628763,-0.3799435028248587,0.9923811644448514,-0.04152996566309638,-1
-0.07952474670165463,0.0879327828480371,-0.0050168769171220606,0.1891750998830169,1
-0.6776732998031928,0.7834999275677241,-0.4645992616608885,0.1983566018241844,1
0.08958378890589698,-0.10495436766623224,0.0519717483320778,-0.14430663920522996,-1
-0.6399154457321962,0.4602346805736635,1.0,-0.8134499614917389,-1
-0.2578176251913405,0.12208460089816013,-0.940279561657975,0.12423307717080585,1
-0.3049056053648225,0.24540055048529616,0.198130428811041,0.17357964140234478,1
-0.12223923026459665,0.025133999710270832,-0.2130045906879373,0.1736435169619439,1
0.2214447117136817,-0.2722004925394756,-0.05741564662940288,-0.302948661287914,-1
-0.8081492820176397,0.8642981312472836,0.11169218667410276,-0.833523523526163,1
-0.03637291347765879,0.22240330291177754,-0.9976952082873779,-0.17871558411710814,1
0.2239959180698301,-0.259597276546429,-0.30651195118804353,0.1909587705016073,-1
0.59727385377943,-0.3969650876430537,-0.9886410231865116,0.6693053595516688,1
-0.9442379182156132,0.945603360857598,0.0003531042290099845,-0.2744638861330145,1
-0.9204752532983452,0.9261190786614516,0.005523808731047286,-0.6527768416357113,1
0.9826517967781908,-0.9631319716065476,-0.0040434679463434734,0.5077321397854327,-1
0.3879291493549093,-0.2999058380414311,0.20839962708464266,-0.5153191011027831,-1
-0.30840440265325464,0.4009488628132696,-0.20338275016752053,0.32614400121976617,1
0.06217654347984548,-0.06366797044763146,0.0014803407847038116,-0.14504470185027854,-1
0.3428821342663459,-0.34930465015210765,0.01618673237080107,0.5410439609860738,1
-0.7655076900648735,0.8010285383166739,0.10033320986061456,-0.689378921586093,1
0.18303083315110424,-0.1575401999130812,-0.0053140438425265,-0.2202455497802045,-1
0.0610831693272104,-0.12809647979139507,0.21090956386383605,-0.05450036276901276,-1
0.0,0.2239605968419528,0.0,0.0,1
0.3552008163860339,-0.23797624221353025,-0.6677213872784256,0.4113958398421528,1
0.12223923026459665,-0.025133999710270832,0.2130045906879373,-0.1736435169619439,-1
0.24921641519061144,-0.3662900188323915,-0.4684889020223167,0.5169508859899372,-1
-0.1694001020482542,0.05066637693756335,0.4177051970915932,-0.3736737293106056,-1
-0.5041183759749253,0.3764305374474866,-0.4149598991130775,-0.38714778915910464,-1
0.9573584080472338,-0.974757351875996,0.010852044999562988,0.3194571398126244,-1
0.6735184780231794,-0.6761190786614514,-0.0027452979785157466,0.7608215184697102,-1
-0.18252059187987468,0.08561495002172974,0.4065000478630201,-0.4186669829902154,-1
-0.1844157737444421,0.2548167463421701,-0.21448493147264114,0.3186882188122225,1
-0.3304176689263066,0.13519484282196145,-0.1888875801705588,-0.2995277345010058,-1
0.6336467672570888,-0.657395335361437,0.00905418510086611,0.8480209436687769,1
0.0,-0.1660147761842678,0.0,0.0,-1
-0.4271448356294191,0.4632044038823701,-0.01487416187689631,0.3472231583642887,1
0.2925869232451345,-0.05874257569172814,0.4857776908381856,-0.043931520258423784,1
-0.28566222027844607,0.15927857453281175,-0.1491861205565429,0.28970395853454445,1
-0.16845251111597054,0.22055627987831367,0.05682131277859399,0.2607424897684571,1
-0.8550914789707705,0.9121396494277848,0.04836146152853677,-0.545072282380863,1
-0.15832057730155258,0.4178617992177314,-0.7814716005810154,-0.01297039710591638,1
0.4271448356294191,-0.4365493263798348,0.01487416187689631,-0.3472231583642887,-1
0.8778336613455792,-0.8666159640735912,0.005835168082440928,0.5086322396956413,-1
-0.4893213791092646,0.4722584383601333,-0.016354502661600122,0.4922678602145673,1
0.4933304176689263,-0.4629146747790815,-0.0203979706079436,1.0,1
0.8550914789707705,-0.7872664059104737,-0.04836146152853677,0.545072282380863,-1
0.35826226401341205,-0.2904534260466463,-0.6022058609308734,0.13405685313726715,-1
0.5066695823310737,-0.533318846878169,0.019891038794018368,-0.5363982582473056,-1
0.8322035133756105,-0.8043966391424019,0.03254123503240119,0.048776100771506535,-1
-0.5056490997886143,0.35535274518325355,0.7043060902571702,-0.8703518788560789,-1
0.5056490997886143,-0.35158626684050404,-0.7043060902571702,0.8703518788560789,1
-0.16845251111597054,0.13370998116760824,0.05682131277859399,0.2607424897684571,1
-0.5543406953859611,0.4449152542372881,-0.4610238940520833,-0.06583125421902533,1
0.8081492820176397,-0.7418151528321018,-0.11169218667410276,0.833523523526163,1
0.6735184780231794,-0.6566347964653049,-0.0027452979785157466,0.7608215184697102,1
0.6735184780231794,-0.6819136607272198,-0.0027452979785157466,0.7608215184697102,-1
-0.20176397696625128,0.12190352020860502,-0.2180214676050594,0.3628186168449608,1
-0.4893213791092646,0.523105895987252,-0.016354502661600122,0.4922678602145673,1
-0.15832057730155258,-0.10321599304650167,-0.7814716005810154,-0.01297039710591638,-1
0.5788322764049858,-0.5509198899029406,0.03368557741531368,0.4910033350754639,-1
0.4498870180042276,-0.5931479067072286,-0.7041522626722548,0.681214023236399,-1
-0.3713098622348569,0.4992394611038679,-0.4663379378946098,-0.2860768039992298,1
0.4933304176689263,-0.5175286107489497,-0.0203979706079436,1.0,1
0.10226692907646333,-0.1406272635086194,0.059213506528099764,-0.2256151425682386,-1
0.3148188643487135,-0.27890047805302026,-0.0912942160661592,-0.166476476473837,-1
0.3025001822290255,-0.5089453860640301,0.5926139035830674,-0.03682835532991603,-1
0.5031707850426416,-0.6808996088657105,0.3569505429331292,0.12743478191654584,-1
0.8081492820176397,-0.7455816311748513,-0.11169218667410276,0.833523523526163,1
-0.3049056053648225,0.4114153266695639,0.198130428811041,0.17357964140234478,1
0.9442379182156132,-0.9309720411415324,-0.0003531042290099845,0.2744638861330145,-1
0.6120708506450907,-0.6874909459655222,-0.20890655889856788,0.9789208428554774,1
0.3659887746920329,-0.3734970302766912,0.012779135052794993,-0.2280800041713575,-1
-0.07886872221007357,0.02875561350137602,0.1087930611106718,0.11643585056322713,1
-0.2707194401924339,0.2548529624800811,-0.002392193749505762,0.4863576323366957,1
0.2116772359501421,-0.3477473562219324,0.3773961684611831,0.3206068916455283,-1
0.6577009986150594,-0.6789077212806024,-0.07510748369535811,0.3745674845122368,-1
0.323711640790145,-0.3173620165145589,0.0017978598986968773,-0.5285638038561525,-1
0.09468620161819373,-0.13099377082427927,-0.03643087539382943,0.2698181833942463,1
-0.2472483417158684,0.3112414892075908,-0.20128772334341927,0.20700084702683505,1
0.3869086668124499,-0.4180790960451977,0.20895246577794047,0.416109257925192,-1
-0.4943509002113857,0.6446472548167465,-0.7037991584432449,0.4067501371033845,1
0.7292805598075661,-0.7130595393307257,-0.0028991255634309874,0.94995937408939,1
-0.17450251476055115,0.10260031870201362,-0.1076487187277593,0.3257913837407302,1
-0.11232597128070568,0.18430392582934976,-0.10616837794305548,0.18074668189045165,1
-0.10226692907646333,0.06261770244821102,-0.059213506528099764,0.2256151425682386,1
0.2816531817187842,-0.1660147761842677,-0.3977941390691267,0.6793931083544716,1
-0.2578176251913405,0.03523830218745465,-0.940279561657975,0.12423307717080585,-1
-0.023325315256213928,0.2566999855135448,0.07084859053810524,-0.02669563325514545,1
-0.06217654347984548,0.05990149210488192,-0.0014803407847038116,0.14504470185027854,1
-0.6866389678547999,0.6915833695494712,-0.008459851250057226,-0.8058147721493202,-1
0.44762737808878206,-0.5665290453426046,0.3948950135056957,0.2705662657349184,-1
-0.012318682119688007,-0.11132840793857744,0.6839081196492266,0.129648121143921,-1
0.19119469349077925,-0.18640446182819054,-0.0026246831676162976,-0.2971825324536788,-1
-0.4044026532546104,0.3838548457192525,0.03932246773408138,0.31078311567906697,1
-0.4894671623296158,0.27484427060698235,0.9634152970212554,-0.35449392247781264,-1
0.0,-0.11871650007243235,0.0,0.0,-1
0.2251621838326409,-0.1070911198029842,-0.4178590246765084,0.5628115849302855,1
-0.2804869159559734,0.014957264957264902,0.2864470655806618,-0.3075402939257935,-1
-0.4943509002113857,0.3378241344343039,-0.7037991584432449,0.4067501371033845,1
0.19607843137254896,-0.21664493698391984,0.09721437222446508,-0.1453973193293145,-1
-0.6477877396311684,0.5947052006374038,0.18194369644024,-0.367464319583729,1
-0.3349369487571981,0.2768361581920904,0.5313572703927679,-0.10736121988212168,1
-0.2116772359501421,0.2968998985948137,-0.3773961684611831,-0.3206068916455283,1
0.0426415919527662,-0.06326959293060984,-0.011358976813488214,0.14414460194007,1
0.16845251111597054,-0.22055627987831367,-0.05682131277859399,-0.2607424897684571,-1
0.14658502806326992,0.057293930175286174,-0.9796020293920564,-0.1865500385082612,1
-0.2925869232451345,0.35672895842387364,-0.4857776908381856,0.043931520258423784,1
0.2441868940884904,-0.2380486744893524,-0.003219017018425182,-0.33938870397313564,-1
0.8977330709235367,-0.8505359988410836,-0.05972043834202497,0.689216884320933,-1
0.25337123697062475,-0.2729610314356077,-0.0011443423829124862,-0.4422272343039573,-1
-0.4148261535097311,0.5745328118209475,-0.6987822815261229,0.2175750372203677,1
-0.5563087688607041,0.6368607851658697,0.20875273131365266,-0.7897829872357975,1
0.15044828340258035,-0.18162393162393164,-0.036584702978744665,0.4589560390139262,1
0.5730738392011079,-0.7672388816456611,0.19933062525752385,0.2636087736673697,-1
-0.14658502806326992,-0.057293930175286174,0.9796020293920564,0.1865500385082612,-1
0.11232597128070568,-0.15764884832681453,0.10616837794305548,-0.18074668189045165,-1
-0.16823383628544353,0.04900043459365482,-0.8883078133258973,-0.02007356203442413,-1
-0.7292805598075661,0.7363102998696218,0.0028991255634309874,-0.94995937408939,-1
0.6762883592098551,-0.6614153266695638,-0.0023047917126221033,0.992165545608847,1
0.9573584080472338,-0.9278936694190932,0.010852044999562988,0.3194571398126244,-1
-0.6477877396311684,0.6927060698247137,0.18194369644024,-0.367464319583729,1
0.9442379182156132,-0.945603360857598,-0.0003531042290099845,0.2744638861330145,-1
-0.19607843137254896,0.054324206866579516,-0.09721437222446508,0.1453973193293145,1
-0.3869086668124499,0.5803998261625379,-0.20895246577794047,-0.416109257925192,1
0.3025001822290255,-0.2109590033318846,0.5926139035830674,-0.03682835532991603,-1
0.0610831693272104,0.03791829639287272,0.21090956386383605,-0.05450036276901276,1
0.0,0.026655077502535245,0.0,0.0,1
-0.15044828340258035,0.1853904099666812,0.036584702978744665,-0.4589560390139262,-1
0.8322035133756105,-0.7815080399826162,0.03254123503240119,0.048776100771506535,-1
0.5563087688607041,-0.4745400550485296,-0.20875273131365266,0.7897829872357975,1
0.20067060281361612,-0.4699406055338259,-0.23566336064993826,0.16426313724646185,-1
0.8166776004081929,-0.8081269013472403,0.0037401412583396095,0.6277753938885724,-1
-0.6735184780231794,0.6819136607272198,0.0027452979785157466,-0.7608215184697102,1
-0.6776732998031928,0.5404172099087353,-0.4645992616608885,0.1983566018241844,1
-0.08491872585465418,0.13925105026799947,-0.05567697039568152,0.18148474453550026,1
-0.017348203221809137,0.01021295089091702,-0.0035365361324182477,0.04413039803273835,1
-0.2239959180698301,0.259597276546429,0.30651195118804353,-0.1909587705016073,1
-0.8035571105765725,0.8169998551354481,0.0074650079702333625,-0.5827821402089626,1
0.6577009986150594,-0.5601912212081701,-0.07510748369535811,0.3745674845122368,-1
-0.5165828413149646,0.7083152252643777,-0.1792657396501421,-0.14702725024318353,1
0.4147532618995553,-0.704440098507895,-0.5821409753234915,0.2506383765614534,-1
-0.1829579415409287,0.1476531942633637,-0.018093178895321492,0.007834454391153024,1
0.5730738392011079,-0.5377009995654063,0.19933062525752385,0.2636087736673697,-1
0.4894671623296158,-0.6299072866869476,-0.9634152970212554,0.35449392247781264,-1
-0.017348203221809137,0.03310155005070272,-0.0035365361324182477,0.04413039803273835,1
0.1312048983162038,-0.20835144140228887,-0.36120943609038203,0.2204370693405455,-1
0.1694001020482542,-0.05646095900333185,-0.4177051970915932,0.3736737293106056,1
0.8550914789707705,-0.9121396494277848,-0.04836146152853677,0.545072282380863,-1
0.9573584080472338,-0.9659206142256987,0.010852044999562988,0.3194571398126244,-1
-0.4506888257161601,0.4542590178183398,0.009038993794455382,-0.8558553980599299,-1
0.2239959180698301,-0.18557149065623632,-0.30651195118804353,0.1909587705016073,1
0.2258910999343975,-0.1095900333188468,-0.3976403114842115,0.4902552527347918,1
-0.11232597128070568,0.15764884832681453,-0.10616837794305548,0.18074668189045165,1
0.0,-0.2239605968419528,0.0,0.0,-1
0.5543406953859611,-0.4449152542372881,0.4610238940520833,0.06583125421902533,-1
0.5543406953859611,-0.6567796610169491,0.4610238940520833,0.06583125421902533,-1
-0.9826517967781908,0.9860205707663334,0.0040434679463434734,-0.5077321397854327,1
-0.3428821342663459,0.28129074315514985,-0.01618673237080107,-0.5410439609860738,-1
0.06895546322618262,-0.1417861799217732,-0.2156292738555536,-0.12353901549173488,-1
-0.2258910999343975,0.3335506301607996,0.3976403114842115,-0.4902552527347918,1
0.6120708506450907,-0.5251702158481819,-0.20890655889856788,0.9789208428554774,1
0.3879291493549093,-0.4710633058090685,0.20839962708464266,-0.5153191011027831,-1
0.4630075078358481,-0.628096479791395,-0.6929471134436821,0.7262072769160091,-1
0.13003863255339304,-0.123352165725047,-0.004719709991717616,-0.17803937826074764,-1
0.10780669144981417,-0.09213385484571927,-0.025225726165256455,0.31481143707385617,1
-0.35826226401341205,0.6455164421266116,0.6022058609308734,-0.13405685313726715,1
-0.8166776004081929,0.8461538461538459,-0.0037401412583396095,-0.6277753938885724,1
0.08936511407536997,0.07898739678400707,0.997100874436569,0.13650941259765126,1
0.4932575260587507,-0.6946979574098219,0.2501143301882473,0.12033161698803807,-1
-0.4243020628325681,0.5529117774880487,-0.46574360404380105,-0.2438706324797729,1
-0.36008455426780384,0.17586556569607406,-0.9994930681860748,0.34984821973904445,1
0.3063634375683359,-0.30171664493698386,-0.0017386762337213706,-0.4844334058234142,-1
-0.1829579415409287,0.1985006518904824,-0.018093178895321492,0.007834454391153024,1
0.8495517165974197,-0.8826234970302766,0.03607777116481944,0.004645702738768192,-1
0.25337123697062475,-0.2534767492394612,-0.0011443423829124862,-0.4422272343039573,-1
0.3946351774910708,-0.5128567289584238,0.3954893473565046,0.3127724372543753,-1
-0.027844595087105423,-0.23102274373460824,0.7910934411014321,0.1654708813637386,-1
-0.14658502806326992,0.29776908590467915,0.9796020293920564,0.1865500385082612,1
-0.03637291347765879,-0.13265971316818778,-0.9976952082873779,-0.17871558411710814,-1
0.18252059187987468,-0.31515283210198464,-0.4065000478630201,0.4186669829902154,-1
0.59727385377943,-0.7520281037230191,-0.9886410231865116,0.6693053595516688,-1
-0.3705809461331001,0.2756410256410255,-0.2048630909522244,0.4711887030700447,1
0.023325315256213928,-0.013617267854555902,-0.07084859053810524,0.02669563325514545,1
-0.3659887746920329,0.32264957264957256,-0.012779135052794993,0.2280800041713575,1
-0.3705809461331001,0.4608503549181515,-0.2048630909522244,0.4711887030700447,1
0.11874043297616448,-0.011408083441981765,-0.18850858829062428,-0.02107915714452253,1
0.8035571105765725,-0.7857815442561202,-0.0074650079702333625,0.5827821402089626,-1
-0.10780669144981417,0.16014776184267715,0.025225726165256455,-0.31481143707385617,-1
0.18252059187987468,-0.08561495002172974,-0.4065000478630201,0.4186669829902154,1
-0.30840440265325464,0.2386281326959293,-0.20338275016752053,0.32614400121976617,1
0.22363146001895187,-0.3614732724902217,0.7014069646937393,0.07960749523331109,-1
0.3659887746920329,-0.3538678835289004,0.012779135052794993,-0.2280800041713575,-1
-0.5841533639478095,0.7609010575112268,0.9998461724150848,-0.6243121058720589,1
-0.8647131715139588,0.8488338403592638,0.005369981146132043,-0.4636389860160314,1
-0.00991325898389095,0.0334999275677241,-0.10683621274488182,-0.0071031649285077545,1
0.1694001020482542,-0.2802042590178182,-0.4177051970915932,0.3736737293106056,-1
0.8647131715139588,-0.8488338403592638,-0.005369981146132043,0.4636389860160314,-1
-0.8647131715139588,0.8430392582934955,0.005369981146132043,-0.4636389860160314,1
-0.5730738392011079,0.7672388816456611,-0.19933062525752385,-0.2636087736673697,1
-0.4243020628325681,0.5334274952919021,-0.46574360404380105,-0.2438706324797729,1
-0.8081492820176397,0.7455816311748513,0.11169218667410276,-0.833523523526163,-1
-0.3349369487571981,0.6318991742720557,0.5313572703927679,-0.10736121988212168,1
0.5264961002988555,-0.3518397798058813,0.2861019523950239,0.15413041517169127,-1
0.055762081784386665,-0.054396639142401886,-0.00015382758491524085,0.1891378556196799,1
0.1844157737444421,-0.2548167463421701,0.21448493147264114,-0.3186882188122225,-1
-0.20176397696625128,0.11306678255830792,-0.2180214676050594,0.3628186168449608,1
0.3427363510459947,-0.5295523685354194,0.9959565320536566,-0.3057178217063061,-1
-0.5258400758072745,0.5652614805157177,-0.034279911266122565,-0.5332095065949207,1
-0.6577009986150594,0.7469216282775604,0.07510748369535811,-0.3745674845122368,1
0.5041183759749253,-0.6059684195277415,0.4149598991130775,0.38714778915910464,-1
0.8778336613455792,-0.9046429088801968,0.005835168082440928,0.5086322396956413,-1
-0.0564909978861433,-0.17061422569897142,-0.020064885607381747,-0.11658152342418622,-1
-0.25337123697062475,0.2305881500796755,0.0011443423829124862,0.4422272343039573,1
-0.09468620161819373,0.12519918875851074,0.03643087539382943,-0.2698181833942463,-1
0.7088709089583788,-0.7228016804287989,0.028965867423596064,0.3129639568147162,-1
0.2239959180698301,0.03838910618571648,-0.30651195118804353,0.1909587705016073,1
0.9826517967781908,-0.989787049109083,-0.0040434679463434734,0.5077321397854327,-1
0.7555944310809826,-0.8148268868607852,-0.2071694226054964,0.6822757566575852,-1
-0.8647131715139588,0.8696943357960307,0.005369981146132043,-0.4636389860160314,1
-0.13003863255339304,0.1545704766043748,0.004719709991717616,0.17803937826074764,1
-0.5264961002988555,0.4705562798783136,-0.2861019523950239,-0.15413041517169127,1
0.15453021357241772,0.00199188758510804,-0.4320580266284873,0.2471327025956909,1
0.7523872002332529,-0.8041069100391133,-0.11153835908918754,0.6443856679064829,-1
-0.6735184780231794,0.6624293785310733,0.0027452979785157466,-0.7608215184697102,-1
-0.5031707850426416,0.4378168912067217,-0.3569505429331292,-0.12743478191654584,1
0.10226692907646333,-0.1494640011589165,0.059213506528099764,-0.2256151425682386,-1
-0.7472847875209563,0.8200057945820657,0.02313573536328032,-0.2302608453070068,1
0.13003863255339304,-0.1545704766043748,-0.004719709991717616,-0.17803937826074764,-1
-0.84197098913915,0.882985658409387,0.059566610757109735,-0.5000790287012531,1
0.5165828413149646,-0.54230044908011,0.1792657396501421,0.14702725024318353,-1
-0.06217654347984548,0.03701289294509622,-0.0014803407847038116,0.14504470185027854,1
-0.4511261753772141,0.34224250325945244,-0.4155542329638864,-0.4293539606785615,-1
-0.4943509002113857,0.3466608720846009,-0.7037991584432449,0.4067501371033845,1
-0.9573584080472338,0.9659206142256987,-0.010852044999562988,-0.3194571398126244,1
-0.2359501421386399,0.21878168912067208,-0.017498845044512608,0.050040625910609884,1
-0.0426415919527662,0.025242648124004008,0.011358976813488214,-0.14414460194007,-1
-0.09949704788978793,0.05928581776039401,-0.15880796107695966,0.1372034742767222,1
-0.1312048983162038,-0.01560915543966394,0.36120943609038203,-0.2204370693405455,-1
-0.6762883592098551,0.682637983485441,0.0023047917126221033,-0.992165545608847,-1
0.013120489831620464,0.0030783717224394393,0.011205149228572972,0.044993253679609886,1
-0.3705809461331001,0.4379617557583658,-0.2048630909522244,0.4711887030700447,1
0.6953130694657045,-0.5628349992756772,0.4123352159454612,0.08996525670542584,-1
-0.9204752532983452,0.9032304795016658,0.005523808731047286,-0.6527768416357113,1
-0.023325315256213928,0.013617267854555902,0.07084859053810524,-0.02669563325514545,-1
0.7555944310809826,-0.6868390554831232,-0.2071694226054964,0.6822757566575852,-1
0.13186092280778475,-0.18166014776184256,-0.10938739496148067,-0.158642022082684,-1
-0.08958378890589698,0.1918006663769377,-0.0519717483320778,0.14430663920522996,1
-0.08491872585465418,0.11636245110821378,-0.05567697039568152,0.18148474453550026,1
0.18303083315110424,-0.18875851079240905,-0.0053140438425265,-0.2202455497802045,-1
-0.6341570085283182,0.7605388961321162,-0.41024018912135984,-0.209108410898357,1
0.0,0.00376647834274953,0.0,0.0,1
-0.3920839711349224,0.5820295523685354,-0.6445856519151452,0.18113499453514603,1
-0.10226692907646333,0.1494640011589165,-0.059213506528099764,0.2256151425682386,1
-0.0426415919527662,0.021476169781254485,0.011358976813488214,-0.14414460194007,-1
0.7748378161673591,-0.6596045197740114,0.4173520928625832,-0.09920984317759107,-1
-0.1219476638238938,0.04689989859481377,0.21622360770636248,0.16574518701119176,1
0.4044026532546104,-0.3330073880921338,-0.03932246773408138,-0.31078311567906697,-1
0.23901158976601802,-0.3304722584383601,-0.3864351622556385,0.5352485064144017,1
-0.1694001020482542,0.05646095900333185,0.4177051970915932,-0.3736737293106056,-1
0.9826517967781908,-0.9860205707663334,-0.0040434679463434734,0.5077321397854327,-1
0.8166776004081929,-0.8149355352745182,0.0037401412583396095,0.6277753938885724,-1
0.0426415919527662,-0.05950311458786031,-0.011358976813488214,0.14414460194007,1
0.5927545739485386,-0.4240547588005215,0.4089222912652069,-0.016871857288684133,-1
0.44762737808878206,-0.5470447631464581,0.3948950135056957,0.2705662657349184,-1
0.2472483417158684,-0.18013906996957832,0.20128772334341927,-0.20700084702683505,-1
-0.18303083315110424,0.20621468926553665,0.0053140438425265,0.2202455497802045,1
0.3148188643487135,-0.2280530204259016,-0.0912942160661592,-0.166476476473837,-1
0.3063634375683359,-0.32460524409676955,-0.0017386762337213706,-0.4844334058234142,-1
0.22363146001895187,-0.06348688975807623,0.7014069646937393,0.07960749523331109,1
0.11232597128070568,-0.03893234825438215,0.10616837794305548,-0.18074668189045165,-1
-0.017348203221809137,0.0013762132406199225,-0.0035365361324182477,0.04413039803273835,1
-0.5694292586923245,0.6660147761842677,0.19754758208507966,-0.8347762409154075,1
0.2578176251913405,-0.39030131826742,0.940279561657975,-0.12423307717080585,-1
-0.12333260441723168,0.14960886571056073,-0.00357536760880513,0.2641878560432097,1
0.4271448356294191,-0.4632044038823701,0.01487416187689631,-0.3472231583642887,-1
0.5841533639478095,-0.40004345936549307,-0.9998461724150848,0.6243121058720589,1
0.15453021357241772,-0.2410908300738808,-0.4320580266284873,0.2471327025956909,-1
-0.30709235367009263,0.3455381718093583,-0.2597361707086641,-0.2728321012458603,1
0.0,-0.1623207301173403,0.0,0.0,-1
-0.0564909978861433,0.058923656381283475,-0.020064885607381747,-0.11658152342418622,-1
-0.6866389678547999,0.6535564247428655,-0.008459851250057226,-0.8058147721493202,-1
-0.7292805598075661,0.7325438215268723,0.0028991255634309874,-0.94995937408939,-1
0.4770026969895766,-0.31355932203389825,0.7002626223108268,-0.3626197390706462,-1
-0.3304176689263066,0.5214761697812546,-0.1888875801705588,-0.2995277345010058,1
0.3349369487571981,-0.2768361581920904,-0.5313572703927679,0.10736121988212168,-1
-0.30709235367009263,0.5078589019266986,-0.2597361707086641,-0.2728321012458603,1
-0.16823383628544353,0.2853469506011877,-0.8883078133258973,-0.02007356203442413,1
-0.770026969895765,0.7858539765319424,-0.031060894247697382,-0.1938208026217851,1
1.0,-1.0,-0.0005069318139252255,0.4636017417526944,-1
-0.7009986150594066,0.7971171954222801,-0.3937506711227832,0.17166096856903895,1
-0.4893213791092646,0.4493698392003476,-0.016354502661600122,0.4922678602145673,1
0.06421750856476421,0.008619440822830695,0.20660176718594567,0.01324470275336951,1
0.03637291347765879,0.15011589164131545,0.9976952082873779,0.17871558411710814,1
-0.3946351774910708,0.288896132116471,-0.3954893473565046,-0.3127724372543753,-1
0.35826226401341205,-0.4215558452846588,-0.6022058609308734,0.13405685313726715,-1
-0.4770026969895766,0.6344343039258294,-0.7002626223108268,0.3626197390706462,1
0.4271448356294191,-0.3857018687527161,0.01487416187689631,-0.3472231583642887,-1
0.3536700925723449,-0.1868390554831232,0.6966872547020216,-0.09843188302743654,-1
-0.4271448356294191,0.3857018687527161,-0.01487416187689631,0.3472231583642887,1
0.0,0.2979863827321455,0.0,0.0,1
0.6388220715795612,-0.7334492249746486,0.39227033033807945,-0.026616266718760384,-1
-0.6950215030250019,0.8166014776184268,-0.4681357977933067,0.2424869998569228,1
-0.8495517165974197,0.8826234970302766,-0.03607777116481944,-0.004645702738768192,1
-0.6399154457321962,0.8152976966536288,1.0,-0.8134499614917389,1
-0.4616225672425104,0.4115601912212081,0.1723218559198232,-0.5199648038415512,-1
0.9442379182156132,-0.9367666232073008,-0.0003531042290099845,0.2744638861330145,-1
0.9268897149938042,-0.9353904099666808,-0.003889640361428233,0.3185942841657528,-1
-0.30840440265325464,0.3742937853107343,-0.20338275016752053,0.32614400121976617,1
0.0,0.017456178473127658,0.0,0.0,1
0.2214447117136817,-0.16789801535564244,-0.05741564662940288,-0.302948661287914,-1
-0.1694001020482542,0.28599884108358675,0.4177051970915932,-0.3736737293106056,1
0.06217654347984548,-0.05990149210488192,0.0014803407847038116,-0.14504470185027854,-1
0.15832057730155258,-0.2518470230334636,0.7814716005810154,0.01297039710591638,-1
0.09468620161819373,-0.12519918875851074,-0.03643087539382943,0.2698181833942463,1
-0.4630075078358481,0.33011009705924954,0.6929471134436821,-0.7262072769160091,-1
0.7009986150594066,-0.8200057945820658,0.3937506711227832,-0.17166096856903895,-1
-0.2681682338362854,0.12628567289584236,-0.3974610540685648,-0.43718841506971456,-1
0.2472483417158684,-0.1489207590902505,0.20128772334341927,-0.20700084702683505,-1
-0.8593191923609592,0.8713964942778499,0.007618835555148605,-0.7719199958286426,1
-0.6477877396311684,0.7607199768216716,0.18194369644024,-0.367464319583729,1
-0.7424739412493621,0.8179052585832246,0.21837457183406936,-0.6372825029779753,1
-0.02274218237480869,0.07934955816311756,-0.054196629610977695,0.036440042685221705,1
0.1883519206939281,-0.040199913081269,0.4482447589992883,0.29391125839038285,1
-0.3427363510459947,0.17448935245545413,-0.9959565320536566,0.3057178217063061,1
-0.28566222027844607,0.321599304650152,-0.1491861205565429,0.28970395853454445,1
-0.2925869232451345,0.22475735187599594,-0.4857776908381856,0.043931520258423784,1
-0.9442379182156132,0.9367666232073008,0.0003531042290099845,-0.2744638861330145,1
-0.5730738392011079,0.6012241054613934,-0.19933062525752385,-0.2636087736673697,1
-0.3049784969749981,0.1796320440388236,0.4686427296072319,-0.7060887416096171,-1
-0.5694292586923245,0.6279878313776619,0.19754758208507966,-0.8347762409154075,-1
0.3427363510459947,-0.15160075329566844,0.9959565320536566,-0.3057178217063061,-1
-0.06895546322618262,0.1417861799217732,0.2156292738555536,0.12353901549173488,1
-0.5165828413149646,0.31833985223815714,-0.1792657396501421,-0.14702725024318353,-1
-0.6205262774254683,0.6107851658699115,0.0021509641277068624,-0.8030276899891671,-1
-0.1883519206939281,0.2832826307402579,-0.4482447589992883,-0.29391125839038285,1
0.4044026532546104,-0.4707011444299579,-0.03932246773408138,-0.31078311567906697,-1
0.6953130694657045,-0.5894900767782124,0.4123352159454612,0.08996525670542584,-1
-0.3920839711349224,0.2840431696363899,-0.6445856519151452,0.18113499453514603,1
-0.7574896129455501,0.6265029697233085,-0.41381555673016496,0.055079445144852725,1
0.00991325898389095,0.013798348544111315,0.10683621274488182,0.0071031649285077545,1
0.5788322764049858,-0.5994495147037521,0.03368557741531368,0.4910033350754639,-1
0.14068080763904084,-0.11976676807185282,0.007111903741223378,-0.30831825407594804,-1
0.1694001020482542,-0.28599884108358675,-0.4177051970915932,0.3736737293106056,-1
0.0,-0.008836737650297095,0.0,0.0,-1
0.0,0.1660147761842678,0.0,0.0,1
-0.6120708506450907,0.6874909459655222,0.20890655889856788,-0.9789208428554774,-1
-0.052992200597711175,0.0341880341880342,0.0005943338508088842,0.04220617151945688,1
0.11232597128070568,-0.18430392582934976,0.10616837794305548,-0.18074668189045165,-1
0.061156060937386215,-0.06305229610314356,0.0020950268241013183,-0.11914315419293114,-1
-0.6577009986150594,0.628205128205128,0.07510748369535811,-0.3745674845122368,1
0.323711640790145,-0.3259814573373895,0.0017978598986968773,-0.5285638038561525,-1
-0.8081492820176397,0.8605316529045342,0.11169218667410276,-0.833523523526163,1
-0.3879291493549093,0.2999058380414311,-0.20839962708464266,0.5153191011027831,1
0.5927545739485386,-0.6671374764595104,0.4089222912652069,-0.016871857288684133,-1
-0.4943509002113857,0.6358105171664493,-0.7037991584432449,0.4067501371033845,1
-0.28566222027844607,0.2461248732435173,-0.1491861205565429,0.28970395853454445,1
0.061156060937386215,-0.058489062726350974,0.0020950268241013183,-0.11914315419293114,-1
-0.2239959180698301,-0.03838910618571648,0.30651195118804353,-0.1909587705016073,-1
0.06895546322618262,-0.1612704621179197,-0.2156292738555536,-0.12353901549173488,-1
0.1312048983162038,0.01560915543966394,-0.36120943609038203,0.2204370693405455,1
-0.1883519206939281,0.0910473707083877,-0.4482447589992883,-0.29391125839038285,-1
0.6725708870908959,-0.7396784006953496,0.3581385863344834,0.12640529939064754,-1
-0.4375683358845396,0.40648993191366056,0.02024414302302836,-0.8108621443803201,-1
0.5031707850426416,-0.5621831087932782,0.3569505429331292,0.12743478191654584,-1
-0.9826517967781908,0.9668984499492972,0.0040434679463434734,-0.5077321397854327,1
0.4044026532546104,-0.3838548457192525,-0.03932246773408138,-0.31078311567906697,-1
0.3705809461331001,-0.4608503549181515,0.2048630909522244,-0.4711887030700447,-1
-0.051169910343319455,-0.024119947848761404,-0.10407335111895416,0.06160352769752051,-1
0.2816531817187842,-0.1697812545270172,-0.3977941390691267,0.6793931083544716,1
-0.2816531817187842,0.3899753730262205,0.3977941390691267,-0.6793931083544716,-1
0.5066695823310737,-0.4824713892510503,0.019891038794018368,-0.5363982582473056,-1
-0.323711640790145,0.30852527886426184,-0.0017978598986968773,0.5285638038561525,1
0.7523872002332529,-0.6911849920324493,-0.11153835908918754,0.6443856679064829,-1
0.25337123697062475,-0.2305881500796755,-0.0011443423829124862,-0.4422272343039573,-1
0.4943509002113857,-0.3378241344343039,0.7037991584432449,-0.4067501371033845,-1
0.7982360230337487,-0.7083152252643776,-0.2185283994189846,0.8264203585976552,1
0.2925869232451345,-0.5227437346081414,0.4857776908381856,-0.043931520258423784,-1
0.8166776004081929,-0.8461538461538459,0.0037401412583396095,0.6277753938885724,-1
0.0564909978861433,-0.2828842532232363,0.020064885607381747,0.11658152342418622,-1
-0.06421750856476421,0.13624511082138194,-0.20660176718594567,-0.01324470275336951,1
0.20176397696625128,-0.2879182963928728,0.2180214676050594,-0.3628186168449608,-1
-0.2578176251913405,0.4771476169781255,-0.940279561657975,0.12423307717080585,1
0.7183468182812158,-0.5974214109807329,0.3972872072552015,-0.21579136660177728,-1
-0.0610831693272104,0.12809647979139507,-0.21090956386383605,0.05450036276901276,1
0.0,0.2430827176589889,0.0,0.0,1
-0.10780669144981417,0.09213385484571927,0.025225726165256455,-0.31481143707385617,-1
0.5841533639478095,-0.7609010575112268,-0.9998461724150848,0.6243121058720589,-1
-0.4932575260587507,0.4516152397508329,-0.2501143301882473,-0.12033161698803807,1
0.10226692907646333,-0.053780964797913916,0.059213506528099764,-0.2256151425682386,-1
0.1829579415409287,-0.1476531942633637,0.018093178895321492,-0.007834454391153024,-1
-0.2816531817187842,0.1697812545270172,0.3977941390691267,-0.6793931083544716,-1
-0.3552008163860339,0.23797624221353025,0.6677213872784256,-0.4113958398421528,-1
0.0,0.005794582065768504,0.0,0.0,1
-0.577666010642175,0.4464363320295521,-0.3901753035139781,-0.09252688747417076,1
0.4375683358845396,-0.4631319716065478,-0.02024414302302836,0.8108621443803201,1
-0.12333260441723168,0.11839055483123292,-0.00357536760880513,0.2641878560432097,1
0.6120708506450907,-0.6912574243082718,-0.20890655889856788,0.9789208428554774,1
-0.2251621838326409,0.1070911198029842,0.4178590246765084,-0.5628115849302855,-1
-0.14658502806326992,-0.006446472548167478,0.9796020293920564,0.1865500385082612,1
0.4148261535097311,-0.5478777343184122,0.6987822815261229,-0.2175750372203677,-1
-0.0747139004300605,-0.07453281182094741,0.38127432169776376,-0.10385554591635926,-1
0.4933304176689263,-0.466681153121831,-0.0203979706079436,1.0,1
0.0,-0.06801390699695785,0.0,0.0,-1
-0.06217654347984548,0.08655656960741717,-0.0014803407847038116,0.14504470185027854,1
-0.2251621838326409,0.33662900188323913,0.4178590246765084,-0.5628115849302855,-1
0.186165172388658,-0.1831450094161957,-0.009621840520416732,-0.15250048425782226,-1
0.023325315256213928,-0.032739388671591964,-0.07084859053810524,0.02669563325514545,-1
0.59727385377943,-0.4349920324496595,-0.9886410231865116,0.6693053595516688,1
-0.3536700925723449,0.1868390554831232,-0.6966872547020216,0.09843188302743654,1
0.2116772359501421,-0.2968998985948137,0.3773961684611831,0.3206068916455283,-1
-0.09468620161819373,0.13099377082427927,0.03643087539382943,-0.2698181833942463,-1
-0.3946351774910708,0.4954005504852962,-0.3954893473565046,-0.3127724372543753,1
-0.15044828340258035,0.1173765029697233,0.036584702978744665,-0.4589560390139262,-1
-0.2239959180698301,0.18557149065623632,0.30651195118804353,-0.1909587705016073,-1
-0.3879291493549093,0.4710633058090685,-0.20839962708464266,0.5153191011027831,1
-0.28055980756614923,0.08793278284803696,-0.9944761912689528,0.16067311985602753,1
-0.5165828413149646,0.54230044908011,-0.1792657396501421,-0.14702725024318353,1
-0.2472483417158684,0.3424598000869186,-0.20128772334341927,0.20700084702683505,1
0.02274218237480869,-0.07934955816311756,0.054196629610977695,-0.036440042685221705,-1
0.09468620161819373,-0.0629798638273214,-0.03643087539382943,0.2698181833942463,1
0.1172097091624754,-0.025568593365203503,0.20600743333513688,-0.02896146876608736,1
-0.4770026969895766,0.33644792119368394,-0.7002626223108268,0.3626197390706462,1
0.0,-0.08684629871070547,0.0,0.0,-1
-0.14068080763904084,0.15098507895118066,-0.007111903741223378,0.30831825407594804,1
-0.5788322764049858,0.6189337968998985,-0.03368557741531368,-0.4910033350754639,1
-0.20176397696625128,0.2879182963928728,-0.2180214676050594,0.3628186168449608,1
-0.5066695823310737,0.5244821092278719,-0.019891038794018368,0.5363982582473056,1
0.24921641519061144,-0.3720846008981601,-0.4684889020223167,0.5169508859899372,-1
0.4243020628325681,-0.5529117774880487,0.46574360404380105,0.2438706324797729,-1
0.1844157737444421,-0.2777053455019558,0.21448493147264114,-0.3186882188122225,-1
0.0,-0.031218310879327818,0.0,0.0,-1
0.186165172388658,-0.1868390554831232,-0.009621840520416732,-0.15250048425782226,-1
0.5165828413149646,-0.7083152252643777,0.1792657396501421,0.14702725024318353,-1
0.7982360230337487,-0.8780964797913949,-0.2185283994189846,0.8264203585976552,-1
0.0,-0.050847457627118696,0.0,0.0,-1
-0.9573584080472338,0.974757351875996,-0.010852044999562988,-0.3194571398126244,1
0.15453021357241772,-0.06602201941184982,-0.4320580266284873,0.2471327025956909,1
-0.5264961002988555,0.6945168767202664,-0.2861019523950239,-0.15413041517169127,1
-0.4511261753772141,0.5717803853397073,-0.4155542329638864,-0.4293539606785615,1
-0.25337123697062475,0.250072432275822,0.0011443423829124862,0.4422272343039573,1
0.5829870981849988,-0.4051861509488626,0.30616683800240563,0.2707119385958775,1
-0.06421750856476421,-0.02607561929595836,-0.20660176718594567,-0.01324470275336951,-1
0.061156060937386215,-0.08970737360567879,0.0020950268241013183,-0.11914315419293114,-1
0.6154967563233473,-0.4767492394611038,0.4631189208761847,-0.05331189997390584,-1
0.7292805598075661,-0.7363102998696218,-0.0028991255634309874,0.94995937408939,1
-0.9442379182156132,0.9309720411415324,0.0003531042290099845,-0.2744638861330145,1
-0.15453021357241772,-0.00199188758510804,0.4320580266284873,-0.2471327025956909,-1
-0.18303083315110424,0.1575401999130812,0.0053140438425265,0.2202455497802045,1
0.2681682338362854,-0.17713313052296106,0.3974610540685648,0.43718841506971456,1
-0.3879291493549093,0.4622265681587714,-0.20839962708464266,0.5153191011027831,1
-0.2359501421386399,0.19929740692452555,-0.017498845044512608,0.050040625910609884,1
-0.3552008163860339,0.1699623352165724,0.6677213872784256,-0.4113958398421528,-1
-0.6950215030250019,0.8077647399681298,-0.4681357977933067,0.2424869998569228,1
0.4511261753772141,-0.32478632478632474,0.4155542329638864,0.4293539606785615,1
0.2804869159559734,-0.5424815297696652,-0.2864470655806618,0.3075402939257935,-1
0.017348203221809137,-0.0013762132406199225,0.0035365361324182477,-0.04413039803273835,-1
-0.35826226401341205,0.2904534260466463,0.6022058609308734,-0.13405685313726715,1
-0.3536700925723449,0.5160437490945965,-0.6966872547020216,0.09843188302743654,1
-0.19185071798236028,0.25441836882514873,-0.11118525486017757,0.36992178177346857,1
-0.20176397696625128,0.2790815587425757,-0.2180214676050594,0.3628186168449608,1
-0.5788322764049858,0.5314356077067941,-0.03368557741531368,-0.4910033350754639,1
0.3552008163860339,-0.1699623352165724,-0.6677213872784256,0.4113958398421528,1
-0.7655076900648735,0.8390554831232796,0.10033320986061456,-0.689378921586093,1
0.5258400758072745,-0.5652614805157177,0.034279911266122565,0.5332095065949207,-1
-0.7574896129455501,0.6493915688830942,-0.41381555673016496,0.055079445144852725,1
0.3713098622348569,-0.2387005649717514,0.4663379378946098,0.2860768039992298,1
-0.23901158976601802,0.368499203244966,0.3864351622556385,-0.5352485064144017,1
0.11874043297616448,-0.22457627118644075,-0.18850858829062428,-0.02107915714452253,-1
-0.7748378161673591,0.8891424018542662,-0.4173520928625832,0.09920984317759107,1
0.12333260441723168,-0.14960886571056073,0.00357536760880513,-0.2641878560432097,-1
0.5066695823310737,-0.4736346516007532,0.019891038794018368,-0.5363982582473056,-1
-0.2251621838326409,0.11085759814573372,0.4178590246765084,-0.5628115849302855,-1
0.30840440265325464,-0.3742937853107343,0.20338275016752053,-0.32614400121976617,-1
-0.5056490997886143,0.6495726495726495,0.7043060902571702,-0.8703518788560789,1
0.16845251111597054,-0.11422569897146173,-0.05682131277859399,-0.2607424897684571,-1
0.4893213791092646,-0.523105895987252,0.016354502661600122,-0.4922678602145673,-1
0.7655076900648735,-0.8390554831232796,-0.10033320986061456,0.689378921586093,-1
0.1172097091624754,-0.20737360567869031,0.20600743333513688,-0.02896146876608736,-1
-0.08958378890589698,0.07308416630450533,-0.0519717483320778,0.14430663920522996,1
0.5066695823310737,-0.5244821092278719,0.019891038794018368,-0.5363982582473056,-1
-0.7574896129455501,0.8560408518035635,-0.41381555673016496,0.055079445144852725,1
-0.4630075078358481,0.5900695349847892,0.6929471134436821,-0.7262072769160091,1
0.6399154457321962,-0.8152976966536288,-1.0,0.8134499614917389,-1
-0.5730738392011079,0.5377009995654063,-0.19933062525752385,-0.2636087736673697,1
0.4498870180042276,-0.5989424887729972,-0.7041522626722548,0.681214023236399,-1
-0.9442379182156132,0.9398087787918296,0.0003531042290099845,-0.2744638861330145,1
0.3025001822290255,-0.3902288859915977,0.5926139035830674,-0.03682835532991603,-1
-0.06895546322618262,0.1612704621179197,0.2156292738555536,0.12353901549173488,1
0.6154967563233473,-0.7464870346226279,0.4631189208761847,-0.05331189997390584,-1
-0.2623369050222319,0.1581558742575691,0.4572837527937438,-0.5619441396695471,-1
-0.2214447117136817,0.16789801535564244,0.05741564662940288,0.302948661287914,1
0.14658502806326992,0.006446472548167478,-0.9796020293920564,-0.1865500385082612,-1
-0.038413878562577525,-0.020860495436766567,0.05210160278687638,0.08270311150770944,-1
0.4506888257161601,-0.4542590178183398,-0.009038993794455382,0.8558553980599299,1
-0.7472847875209563,0.6651455888744023,0.02313573536328032,-0.2302608453070068,1
-0.14658502806326992,0.34861654353179783,0.9796020293920564,0.1865500385082612,1
0.16845251111597054,-0.2010719976821672,-0.05682131277859399,-0.2607424897684571,-1
0.08958378890589698,-0.1918006663769377,0.0519717483320778,-0.14430663920522996,-1
-0.5694292586923245,0.4656671012603216,0.19754758208507966,-0.8347762409154075,-1
0.2578176251913405,-0.03523830218745465,0.940279561657975,-0.12423307717080585,1
0.2359501421386399,-0.21878168912067208,0.017498845044512608,-0.050040625910609884,-1
0.0,0.11871650007243235,0.0,0.0,1
-0.1844157737444421,0.2777053455019558,-0.21448493147264114,0.3186882188122225,1
-0.3063634375683359,0.32460524409676955,0.0017386762337213706,0.4844334058234142,1
0.28566222027844607,-0.2461248732435173,0.1491861205565429,-0.28970395853454445,-1
0.23901158976601802,-0.1065116615964074,-0.3864351622556385,0.5352485064144017,1
-0.4243020628325681,0.2903447776329133,-0.46574360404380105,-0.2438706324797729,-1
-0.2116772359501421,0.07293930175286098,-0.3773961684611831,-0.3206068916455283,-1
-0.5543406953859611,0.41369694335796026,-0.4610238940520833,-0.06583125421902533,1
0.6725708870908959,-0.5969868173258003,0.3581385863344834,0.12640529939064754,-1
-0.4148261535097311,0.2498913515862668,-0.6987822815261229,0.2175750372203677,1
0.12333260441723168,-0.11839055483123292,0.00357536760880513,-0.2641878560432097,-1
0.6341570085283182,-0.7605388961321162,0.41024018912135984,0.209108410898357,-1
0.6120708506450907,-0.5289366941909315,-0.20890655889856788,0.9789208428554774,1
0.4511261753772141,-0.5543242068665797,0.4155542329638864,0.4293539606785615,-1
-0.0426415919527662,0.05950311458786031,0.011358976813488214,-0.14414460194007,-1
-0.5927545739485386,0.7539837751702159,-0.4089222912652069,0.016871857288684133,1
-0.9268897149938042,0.9125018108068952,0.003889640361428233,-0.3185942841657528,1
-0.6953130694657045,0.5894900767782124,-0.4123352159454612,-0.08996525670542584,1
-0.7088709089583788,0.7228016804287989,-0.028965867423596064,-0.3129639568147162,1
-0.19119469349077925,0.16692017963204406,0.0026246831676162976,0.2971825324536788,1
0.9400102048254246,-0.9416558018252932,0.007315508867144741,0.3635875378453627,-1
-0.186165172388658,0.1831450094161957,0.009621840520416732,0.15250048425782226,1
-0.9826517967781908,0.989787049109083,0.0040434679463434734,-0.5077321397854327,1
0.9204752532983452,-0.8994640011589162,-0.005523808731047286,0.6527768416357113,-1
-0.6866389678547999,0.6730407069390121,-0.008459851250057226,-0.8058147721493202,-1
0.2816531817187842,-0.3899753730262205,-0.3977941390691267,0.6793931083544716,1
0.28566222027844607,-0.4084456033608575,0.1491861205565429,-0.28970395853454445,-1
-0.8035571105765725,0.7857815442561202,0.0074650079702333625,-0.5827821402089626,1
-0.6953130694657045,0.5628349992756772,-0.4123352159454612,-0.08996525670542584,1
-0.03637291347765879,0.20494712443864987,-0.9976952082873779,-0.17871558411710814,1
-0.7655076900648735,0.6823120382442415,0.10033320986061456,-0.689378921586093,-1
0.10642175085647647,0.12440243372446758,0.4953995313586023,0.10856896399939846,1
0.2623369050222319,-0.401238591916558,-0.4572837527937438,0.5619441396695471,-1
-0.8593191923609592,0.8401781833985222,0.007618835555148605,-0.7719199958286426,1
-0.027844595087105423,-0.06870201361726794,0.7910934411014321,0.1654708813637386,-1
-0.3304176689263066,0.2975155729393017,-0.1888875801705588,-0.2995277345010058,-1
-0.7472847875209563,0.7519918875851077,0.02313573536328032,-0.2302608453070068,1
-0.7748378161673591,0.6596045197740114,-0.4173520928625832,0.09920984317759107,1
-0.24921641519061144,0.3662900188323915,0.4684889020223167,-0.5169508859899372,1
0.8035571105765725,-0.8112052730696797,-0.0074650079702333625,0.5827821402089626,-1
0.2258910999343975,-0.11538461538461532,-0.3976403114842115,0.4902552527347918,1
-0.1883519206939281,0.33413008836737657,-0.4482447589992883,-0.29391125839038285,1
0.1694001020482542,-0.05066637693756335,-0.4177051970915932,0.3736737293106056,1
0.15832057730155258,0.10321599304650167,0.7814716005810154,0.01297039710591638,1
-0.11874043297616448,0.011408083441981765,0.18850858829062428,0.02107915714452253,-1
-1.0,0.9962335216572504,0.0005069318139252255,-0.4636017417526944,1
0.3427363510459947,-0.17448935245545413,0.9959565320536566,-0.3057178217063061,-1
-0.4933304176689263,0.466681153121831,0.0203979706079436,-1.0,-1
0.2258910999343975,-0.33934521222656816,-0.3976403114842115,0.4902552527347918,-1
0.4616225672425104,-0.4115601912212081,-0.1723218559198232,0.5199648038415512,1
0.35826226401341205,-0.06649282920469349,-0.6022058609308734,0.13405685313726715,1
0.07981631314235724,-0.08608575981457335,-0.050783704930723504,0.14327715667933166,1
0.9573584080472338,-0.9367304070693899,0.010852044999562988,0.3194571398126244,-1
-0.36008455426780384,0.5397653194263364,-0.9994930681860748,0.34984821973904445,1
0.4243020628325681,-0.3098290598290598,0.46574360404380105,0.2438706324797729,1
-0.1172097091624754,0.04505287556135002,-0.20600743333513688,0.02896146876608736,-1
-0.8322035133756105,0.7815080399826162,-0.03254123503240119,-0.048776100771506535,1
0.9400102048254246,-0.9036288570186874,0.007315508867144741,0.3635875378453627,-1
-0.4630075078358481,0.2920831522526437,0.6929471134436821,-0.7262072769160091,-1
0.8166776004081929,-0.7769085904679124,0.0037401412583396095,0.6277753938885724,-1
-0.9268897149938042,0.9295958279009128,0.003889640361428233,-0.3185942841657528,1
0.15044828340258035,-0.1173765029697233,-0.036584702978744665,0.4589560390139262,1
-0.3659887746920329,0.4047153411560191,-0.012779135052794993,0.2280800041713575,1
-0.07981631314235724,0.07254092423583937,0.050783704930723504,-0.14327715667933166,-1
-0.3063634375683359,0.30171664493698386,0.0017386762337213706,0.4844334058234142,1
-0.012318682119688007,0.13581051716644935,0.6839081196492266,0.129648121143921,1
0.24921641519061144,-0.12900188323917122,-0.4684889020223167,0.5169508859899372,1
-0.6725708870908959,0.7396784006953496,-0.3581385863344834,-0.12640529939064754,1
-0.3049784969749981,0.426481240040562,0.4686427296072319,-0.7060887416096171,-1
0.3659887746920329,-0.32264957264957256,0.012779135052794993,-0.2280800041713575,-1
0.577666010642175,-0.4464363320295521,0.3901753035139781,0.09252688747417076,-1
0.6950215030250019,-0.5646820223091409,0.4681357977933067,-0.2424869998569228,-1
-0.8550914789707705,0.8252933507170794,0.04836146152853677,-0.545072282380863,1
0.4943509002113857,-0.6358105171664493,0.7037991584432449,-0.4067501371033845,-1
0.4243020628325681,-0.5334274952919021,0.46574360404380105,0.2438706324797729,-1
-0.09468620161819373,0.0571852817615529,0.03643087539382943,-0.2698181833942463,-1
0.9268897149938042,-0.9295958279009128,-0.003889640361428233,0.3185942841657528,-1
-0.4616225672425104,0.5738809213385484,0.1723218559198232,-0.5199648038415512,1
0.07952474670165463,-0.0967695204983342,0.0050168769171220606,-0.1891750998830169,-1
-0.18303083315110424,0.18875851079240905,0.0053140438425265,0.2202455497802045,1
-0.7088709089583788,0.7540199913081267,-0.028965867423596064,-0.3129639568147162,1
-0.12223923026459665,0.05178907721280608,-0.2130045906879373,0.1736435169619439,1
-0.84197098913915,0.8771910763436186,0.059566610757109735,-0.5000790287012531,1
-0.20067060281361612,0.22685788787483704,0.23566336064993826,-0.16426313724646185,1
-0.22363146001895187,0.08297117195422274,-0.7014069646937393,-0.07960749523331109,-1
-0.20067060281361612,0.4699406055338259,0.23566336064993826,-0.16426313724646185,1
-0.5165828413149646,0.484354628422425,-0.1792657396501421,-0.14702725024318353,1
0.08491872585465418,-0.05240475155729401,0.05567697039568152,-0.18148474453550026,-1
0.4630075078358481,-0.2920831522526437,-0.6929471134436821,0.7262072769160091,1
0.027844595087105423,-0.12404027234535707,-0.7910934411014321,-0.1654708813637386,-1
0.023325315256213928,-0.2566999855135448,-0.07084859053810524,0.02669563325514545,-1
0.7748378161673591,-0.8891424018542662,0.4173520928625832,-0.09920984317759107,-1
0.36008455426780384,-0.5397653194263364,0.9994930681860748,-0.34984821973904445,-1
-0.2258910999343975,0.11538461538461532,0.3976403114842115,-0.4902552527347918,-1
0.2681682338362854,-0.406671012603216,0.3974610540685648,0.43718841506971456,-1
-0.7088709089583788,0.6547877734318411,-0.028965867423596064,-0.3129639568147162,1
0.12223923026459665,-0.19114877589453866,0.2130045906879373,-0.1736435169619439,-1
-0.6776732998031928,0.563305809068521,-0.4645992616608885,0.1983566018241844,1
0.1706392594212407,-0.029298855570042026,0.7020012985445482,0.12181366675276795,1
0.3049056053648225,-0.4114153266695639,-0.198130428811041,-0.17357964140234478,-1
0.84197098913915,-0.8771910763436186,-0.059566610757109735,0.5000790287012531,-1
0.2251621838326409,-0.33662900188323913,-0.4178590246765084,0.5628115849302855,1
-0.9573584080472338,0.9278936694190932,-0.010852044999562988,-0.3194571398126244,1
0.11874043297616448,-0.06225554106910046,-0.18850858829062428,-0.02107915714452253,-1
0.0,0.03802694480660582,0.0,0.0,1
0.6336467672570888,-0.6399391568883094,0.00905418510086611,0.8480209436687769,1
0.06895546322618262,0.024228596262494604,-0.2156292738555536,-0.12353901549173488,1
0.7982360230337487,-0.7120817036071272,-0.2185283994189846,0.8264203585976552,1
-0.4498870180042276,0.2951615239750831,0.7041522626722548,-0.681214023236399,-1
0.052992200597711175,-0.07112849485730838,-0.0005943338508088842,-0.04220617151945688,-1
0.1312048983162038,-0.2763653483992467,-0.36120943609038203,0.2204370693405455,-1
0.012318682119688007,-0.13581051716644935,-0.6839081196492266,-0.129648121143921,-1
-0.4933304176689263,0.5175286107489497,0.0203979706079436,-1.0,-1
-0.770026969895765,0.74449514703752,-0.031060894247697382,-0.1938208026217851,1
0.17450251476055115,-0.12548891786179933,0.1076487187277593,-0.3257913837407302,-1
0.055762081784386665,-0.050630160799652366,-0.00015382758491524085,0.1891378556196799,1
-0.7555944310809826,0.6488121106765173,0.2071694226054964,-0.6822757566575852,-1
-0.3025001822290255,0.5089453860640301,-0.5926139035830674,0.03682835532991603,1
-0.3349369487571981,0.3888164566130669,0.5313572703927679,-0.10736121988212168,1
-0.038413878562577525,0.010357815442561242,0.05210160278687638,0.08270311150770944,1
0.20067060281361612,-0.17195422280168046,-0.23566336064993826,0.16426313724646185,-1
-0.3428821342663459,0.34930465015210765,-0.01618673237080107,-0.5410439609860738,-1
-0.4630075078358481,0.628096479791395,0.6929471134436821,-0.7262072769160091,1
-0.18252059187987468,0.31515283210198464,0.4065000478630201,-0.4186669829902154,1
-0.10780669144981417,0.12212081703607132,0.025225726165256455,-0.31481143707385617,-1
0.19607843137254896,-0.17304070693901188,0.09721437222446508,-0.1453973193293145,-1
0.7655076900648735,-0.6823120382442415,-0.10033320986061456,0.689378921586093,1
-0.19185071798236028,0.2455816311748517,-0.11118525486017757,0.36992178177346857,1
-0.6120708506450907,0.5289366941909315,0.20890655889856788,-0.9789208428554774,-1
-0.1219476638238938,0.2129146747790816,0.21622360770636248,0.16574518701119176,1
0.10780669144981417,-0.16014776184267715,-0.025225726165256455,0.31481143707385617,1
0.7655076900648735,-0.7203389830508472,-0.10033320986061456,0.689378921586093,-1
0.061156060937386215,-0.03183398522381573,0.0020950268241013183,-0.11914315419293114,-1
-0.6120708506450907,0.6912574243082718,0.20890655889856788,-0.9789208428554774,-1
0.6336467672570888,-0.6193683905548313,0.00905418510086611,0.8480209436687769,1
0.5829870981849988,-0.7534405331015498,0.30616683800240563,0.2707119385958775,-1
0.06217654347984548,-0.03701289294509622,0.0014803407847038116,-0.14504470185027854,-1
-0.3869086668124499,0.3508619440822831,-0.20895246577794047,-0.416109257925192,-1
-0.7292805598075661,0.7130595393307257,0.0028991255634309874,-0.94995937408939,-1
0.0,0.06801390699695785,0.0,0.0,1
-0.055762081784386665,0.050630160799652366,0.00015382758491524085,-0.1891378556196799,-1
0.0,-0.022888599159785705,0.0,0.0,-1
0.4894671623296158,-0.27484427060698235,-0.9634152970212554,0.35449392247781264,1
0.28055980756614923,-0.1145878603505722,0.9944761912689528,-0.16067311985602753,-1
0.6776732998031928,-0.563305809068521,0.4645992616608885,-0.1983566018241844,-1
-0.3427363510459947,0.15160075329566844,-0.9959565320536566,0.3057178217063061,1
0.1883519206939281,-0.0910473707083877,0.4482447589992883,0.29391125839038285,1
0.0564909978861433,-0.05334637114298138,0.020064885607381747,0.11658152342418622,1
-0.6341570085283182,0.7293205852527884,-0.41024018912135984,-0.209108410898357,1
-0.2472483417158684,0.18013906996957832,-0.20128772334341927,0.20700084702683505,1
-0.2623369050222319,0.401238591916558,0.4572837527937438,-0.5619441396695471,1
0.06895546322618262,0.004744314066348085,-0.2156292738555536,-0.12353901549173488,-1
-0.0610831693272104,-0.03791829639287272,-0.21090956386383605,0.05450036276901276,-1
-0.22363146001895187,0.3809575546863682,-0.7014069646937393,-0.07960749523331109,1
-0.8166776004081929,0.7769085904679124,-0.0037401412583396095,-0.6277753938885724,1
0.3920839711349224,-0.49518325365783,0.6445856519151452,-0.18113499453514603,-1
0.051169910343319455,-0.09459655222367096,0.10407335111895416,-0.06160352769752051,-1
-0.4616225672425104,0.5058670143415905,0.1723218559198232,-0.5199648038415512,1
-0.13426634594358192,-0.1931044473417355,0.2956939097428298,0.056901917364340165,-1
-0.06217654347984548,0.06366797044763146,-0.0014803407847038116,0.14504470185027854,1
0.0426415919527662,-0.025242648124004008,-0.011358976813488214,0.14414460194007,1
0.44762737808878206,-0.3230841663045052,0.3948950135056957,0.2705662657349184,1
0.03637291347765879,0.13265971316818778,0.9976952082873779,0.17871558411710814,1
-0.6776732998031928,0.8063885267275098,-0.4645992616608885,0.1983566018241844,1
0.0,-0.03802694480660582,0.0,0.0,-1
0.84197098913915,-0.7961393596986815,-0.059566610757109735,0.5000790287012531,-1
-0.5829870981849988,0.6347240330291175,-0.30616683800240563,-0.2707119385958775,1
-0.19185071798236028,0.12686513110241926,-0.11118525486017757,0.36992178177346857,1
0.186165172388658,-0.3491597856004635,-0.009621840520416732,-0.15250048425782226,-1
-0.2707194401924339,0.28317398232652474,-0.002392193749505762,0.4863576323366957,1
0.3552008163860339,-0.4679487179487178,-0.6677213872784256,0.4113958398421528,-1
0.4894671623296158,-0.3428581776039402,-0.9634152970212554,0.35449392247781264,1
0.5543406953859611,-0.6879979718962769,0.4610238940520833,0.06583125421902533,-1
0.5056490997886143,-0.6495726495726495,-0.7043060902571702,0.8703518788560789,-1
0.4894671623296158,-0.6979211936839055,-0.9634152970212554,0.35449392247781264,-1
-0.5829870981849988,0.7534405331015498,-0.30616683800240563,-0.2707119385958775,1
-0.9400102048254246,0.9645444009850792,-0.007315508867144741,-0.3635875378453627,1
0.06421750856476421,-0.13624511082138194,0.20660176718594567,0.01324470275336951,-1
-0.6388220715795612,0.7601043024771839,-0.39227033033807945,0.026616266718760384,1
0.20067060281361612,-0.22685788787483704,-0.23566336064993826,0.16426313724646185,-1
-0.2441868940884904,0.2380486744893524,0.003219017018425182,0.33938870397313564,1
0.06421750856476421,0.02607561929595836,0.20660176718594567,0.01324470275336951,1
0.4943509002113857,-0.3466608720846009,0.7037991584432449,-0.4067501371033845,-1
-0.2681682338362854,0.406671012603216,-0.3974610540685648,-0.43718841506971456,1
0.5041183759749253,-0.3764305374474866,0.4149598991130775,0.38714778915910464,1
-0.7523872002332529,0.6853904099666809,0.11153835908918754,-0.6443856679064829,1
-0.3869086668124499,0.4180790960451977,-0.20895246577794047,-0.416109257925192,1
0.9268897149938042,-0.9067072287411267,-0.003889640361428233,0.3185942841657528,-1
-0.5730738392011079,0.37168622338113855,-0.19933062525752385,-0.2636087736673697,-1
0.7982360230337487,-0.8743300014486455,-0.2185283994189846,0.8264203585976552,-1
-0.08936511407536997,-0.09847167898015358,-0.997100874436569,-0.13650941259765126,-1
-0.219403746628763,0.3799435028248587,-0.9923811644448514,0.04152996566309638,1
-0.10226692907646333,0.1406272635086194,-0.059213506528099764,0.2256151425682386,1
-0.18303083315110424,0.17499637838620885,0.0053140438425265,0.2202455497802045,1
0.7088709089583788,-0.7540199913081267,0.028965867423596064,0.3129639568147162,-1
0.7183468182812158,-0.6062581486310299,0.3972872072552015,-0.21579136660177728,-1
0.4148261535097311,-0.5745328118209475,0.6987822815261229,-0.2175750372203677,-1
0.16845251111597054,-0.13370998116760824,-0.05682131277859399,-0.2607424897684571,-1
0.8550914789707705,-0.8252933507170794,-0.04836146152853677,0.545072282380863,-1
0.00991325898389095,0.1325148486165437,0.10683621274488182,0.0071031649285077545,1
-0.07886872221007357,0.1474721135738084,0.1087930611106718,0.11643585056322713,1
0.3049056053648225,-0.3605678690424453,-0.198130428811041,-0.17357964140234478,-1
-0.1706392594212407,0.30982905982905984,-0.7020012985445482,-0.12181366675276795,1
0.6205262774254683,-0.6049905838041431,-0.0021509641277068624,0.8030276899891671,1
0.18252059187987468,-0.2771258872953788,-0.4065000478630201,0.4186669829902154,-1
-0.3713098622348569,0.25615674344487904,-0.4663379378946098,-0.2860768039992298,-1
0.6160798892047525,-0.7676010430247718,0.3380737007271017,0.009823775966461322,-1
0.6577009986150594,-0.628205128205128,-0.07510748369535811,0.3745674845122368,-1
0.027844595087105423,0.06870201361726794,-0.7910934411014321,-0.1654708813637386,1
0.3879291493549093,-0.30874257569172825,0.20839962708464266,-0.5153191011027831,-1
-0.7183468182812158,0.8302187454729828,-0.3972872072552015,0.21579136660177728,1
0.9204752532983452,-0.9261190786614516,-0.005523808731047286,0.6527768416357113,-1
0.2623369050222319,-0.3632116471099521,-0.4572837527937438,0.5619441396695471,1
0.15453021357241772,-0.3091047370708387,-0.4320580266284873,0.2471327025956909,-1
0.8081492820176397,-0.8605316529045342,-0.11169218667410276,0.833523523526163,-1
0.6341570085283182,-0.7293205852527884,0.41024018912135984,0.209108410898357,-1
0.16823383628544353,-0.40406345067362015,0.8883078133258973,0.02007356203442413,-1
0.16823383628544353,0.06971606547877758,0.8883078133258973,0.02007356203442413,1
-0.6388220715795612,0.7334492249746486,-0.39227033033807945,0.026616266718760384,1
0.055762081784386665,-0.05642474286542086,-0.00015382758491524085,0.1891378556196799,1
0.3920839711349224,-0.19719687092568447,0.6445856519151452,-0.18113499453514603,-1
0.30840440265325464,-0.21197305519339404,0.20338275016752053,-0.32614400121976617,-1
-0.3659887746920329,0.3734970302766912,-0.012779135052794993,0.2280800041713575,1
-0.6577009986150594,0.5601912212081701,0.07510748369535811,-0.3745674845122368,1
0.14068080763904084,-0.15098507895118066,0.007111903741223378,-0.30831825407594804,-1
-0.577666010642175,0.7016152397508328,-0.3901753035139781,-0.09252688747417076,1
-0.4511261753772141,0.32478632478632474,-0.4155542329638864,-0.4293539606785615,-1
0.13426634594358192,0.1931044473417355,-0.2956939097428298,-0.056901917364340165,1
-0.7183468182812158,0.6062581486310299,-0.3972872072552015,0.21579136660177728,1
-0.3713098622348569,0.4817832826307403,-0.4663379378946098,-0.2860768039992298,1
0.2441868940884904,-0.2647037519918877,-0.003219017018425182,-0.33938870397313564,-1
-0.35826226401341205,0.4215558452846588,0.6022058609308734,-0.13405685313726715,1
0.0,-0.2430827176589889,0.0,0.0,-1
-0.13003863255339304,0.10386788352890047,0.004719709991717616,0.17803937826074764,1
0.2441868940884904,-0.22059249601622474,-0.003219017018425182,-0.33938870397313564,-1
-0.15044828340258035,0.18162393162393164,0.036584702978744665,-0.4589560390139262,-1
0.0,0.3550630160799653,0.0,0.0,1
0.09949704788978793,-0.13845429523395633,0.15880796107695966,-0.1372034742767222,-1
0.3869086668124499,-0.1885412139649428,0.20895246577794047,0.416109257925192,1
0.051169910343319455,-0.007098363030566416,0.10407335111895416,-0.06160352769752051,-1
0.07886872221007357,-0.12798783137766187,-0.1087930611106718,-0.11643585056322713,-1
0.1883519206939281,-0.33413008836737657,0.4482447589992883,0.29391125839038285,-1
0.7009986150594066,-0.5960451977401129,0.3937506711227832,-0.17166096856903895,-1
-0.10642175085647647,0.1735839490076779,-0.4953995313586023,-0.10856896399939846,1
0.15832057730155258,-0.06279878313776613,0.7814716005810154,0.01297039710591638,1
-0.3063634375683359,0.2842604664638562,0.0017386762337213706,0.4844334058234142,1
-0.6725708870908959,0.5969868173258003,-0.3581385863344834,-0.12640529939064754,1
0.59727385377943,-0.7900550485296248,-0.9886410231865116,0.6693053595516688,-1
-0.15044828340258035,0.11361002462697375,0.036584702978744665,-0.4589560390139262,-1
0.1844157737444421,-0.111690569317688,0.21448493147264114,-0.3186882188122225,-1
-0.18252059187987468,0.04758800521512392,0.4065000478630201,-0.4186669829902154,-1
0.2804869159559734,-0.3129436476894104,-0.2864470655806618,0.3075402939257935,-1
0.4375683358845396,-0.40648993191366056,-0.02024414302302836,0.8108621443803201,1
-0.5927545739485386,0.6671374764595104,-0.4089222912652069,0.016871857288684133,1
0.07886872221007357,-0.0092713313052295,-0.1087930611106718,-0.11643585056322713,-1
-0.4894671623296158,0.6299072866869476,0.9634152970212554,-0.35449392247781264,1
0.4933304176689263,-0.5137621324062002,-0.0203979706079436,1.0,1
0.1219476638238938,-0.2129146747790816,-0.21622360770636248,-0.16574518701119176,-1
-0.5031707850426416,0.6808996088657105,-0.3569505429331292,-0.12743478191654584,1
-1.0,0.9911632623497028,0.0005069318139252255,-0.4636017417526944,1
-0.7523872002332529,0.8099014921048817,0.11153835908918754,-0.6443856679064829,1
0.5258400758072745,-0.4972475735187599,0.034279911266122565,0.5332095065949207,-1
0.013120489831620464,-0.02915399101839788,0.011205149228572972,0.044993253679609886,-1
-0.3148188643487135,0.34676952049833404,0.0912942160661592,0.166476476473837,1
0.8593191923609592,-0.8713964942778499,-0.007618835555148605,0.7719199958286426,-1
-0.3025001822290255,0.09224250325945224,-0.5926139035830674,0.03682835532991603,-1
-0.2258910999343975,0.33934521222656816,0.3976403114842115,-0.4902552527347918,1
0.4770026969895766,-0.6115457047660438,0.7002626223108268,-0.3626197390706462,-1
0.28055980756614923,-0.08793278284803696,0.9944761912689528,-0.16067311985602753,-1
-0.6160798892047525,0.6807547443140664,-0.3380737007271017,-0.009823775966461322,1
0.7424739412493621,-0.8179052585832246,-0.21837457183406936,0.6372825029779753,-1
0.4893213791092646,-0.4722584383601333,0.016354502661600122,-0.4922678602145673,-1
0.0,-0.005794582065768504,0.0,0.0,-1
0.052992200597711175,-0.05367231638418072,-0.0005943338508088842,-0.04220617151945688,-1
0.23901158976601802,-0.1445386064030132,-0.3864351622556385,0.5352485064144017,1
-0.17450251476055115,0.2442054179342317,-0.1076487187277593,0.3257913837407302,1
0.08936511407536997,0.09847167898015358,0.997100874436569,0.13650941259765126,1
-0.3349369487571981,0.03375344053310153,0.5313572703927679,-0.10736121988212168,-1
-0.06421750856476421,0.1537012892945096,-0.20660176718594567,-0.01324470275336951,1
-0.16845251111597054,0.11422569897146173,0.05682131277859399,0.2607424897684571,1
-0.19119469349077925,0.18640446182819054,0.0026246831676162976,0.2971825324536788,1
0.3705809461331001,-0.29852962480081124,0.2048630909522244,-0.4711887030700447,-1
0.2359501421386399,-0.19929740692452555,0.017498845044512608,-0.050040625910609884,-1
0.5563087688607041,-0.6310662031001014,-0.20875273131365266,0.7897829872357975,-1
-0.061156060937386215,0.06305229610314356,-0.0020950268241013183,0.11914315419293114,1
0.18303083315110424,-0.20621468926553665,-0.0053140438425265,-0.2202455497802045,-1
0.6160798892047525,-0.5436404461828189,0.3380737007271017,0.009823775966461322,-1
0.4148261535097311,-0.2498913515862668,0.6987822815261229,-0.2175750372203677,-1
0.8778336613455792,-0.8779878313776618,0.005835168082440928,0.5086322396956413,-1
0.6477877396311684,-0.5266912936404461,-0.18194369644024,0.367464319583729,-1
-0.2623369050222319,0.12012892945096328,0.4572837527937438,-0.5619441396695471,-1
-0.6160798892047525,0.5436404461828189,-0.3380737007271017,-0.009823775966461322,1
-0.28055980756614923,0.1145878603505722,-0.9944761912689528,0.16067311985602753,1
-0.3025001822290255,0.2109590033318846,-0.5926139035830674,0.03682835532991603,1
0.3049784969749981,-0.18339852238157311,-0.4686427296072319,0.7060887416096171,1
-0.012318682119688007,0.186657974793568,0.6839081196492266,0.129648121143921,1
0.3536700925723449,-0.21805736636245104,0.6966872547020216,-0.09843188302743654,-1
0.1829579415409287,-0.21595683036361005,0.018093178895321492,-0.007834454391153024,-1
-0.25337123697062475,0.2729610314356077,0.0011443423829124862,0.4422272343039573,1
0.16823383628544353,-0.04900043459365482,0.8883078133258973,0.02007356203442413,1
-0.3705809461331001,0.29852962480081124,-0.2048630909522244,0.4711887030700447,1
0.19185071798236028,-0.12686513110241926,0.11118525486017757,-0.36992178177346857,-1
-0.19119469349077925,0.2130595393307258,0.0026246831676162976,0.2971825324536788,1
0.1844157737444421,-0.0888019701579023,0.21448493147264114,-0.3186882188122225,-1
0.3304176689263066,-0.5214761697812546,0.1888875801705588,0.2995277345010058,-1
-0.03637291347765879,-0.15011589164131545,-0.9976952082873779,-0.17871558411710814,-1
-0.7982360230337487,0.8743300014486455,0.2185283994189846,-0.8264203585976552,1
0.5041183759749253,-0.3959148196436331,0.4149598991130775,0.38714778915910464,1
0.6762883592098551,-0.6788715051426916,-0.0023047917126221033,0.992165545608847,1
-0.15832057730155258,0.06279878313776613,-0.7814716005810154,-0.01297039710591638,-1
-0.1219476638238938,0.1954584963059539,0.21622360770636248,0.16574518701119176,1
-0.7424739412493621,0.6518904823989569,0.21837457183406936,-0.6372825029779753,1
0.6341570085283182,-0.4997827031725336,0.41024018912135984,0.209108410898357,-1
0.17450251476055115,-0.2442054179342317,0.1076487187277593,-0.3257913837407302,-1
0.1172097091624754,-0.1878893234825438,0.20600743333513688,-0.02896146876608736,-1
-0.055762081784386665,0.0601912212081704,0.00015382758491524085,-0.1891378556196799,-1
-0.8495517165974197,0.8146095900333188,-0.03607777116481944,-0.004645702738768192,1
0.2359501421386399,-0.2696291467477908,0.017498845044512608,-0.050040625910609884,-1
0.6776732998031928,-0.5404172099087353,0.4645992616608885,-0.1983566018241844,-1
0.0,0.2295378820802549,0.0,0.0,1
0.2578176251913405,-0.4771476169781255,0.940279561657975,-0.12423307717080585,-1
0.5927545739485386,-0.7539837751702159,0.4089222912652069,-0.016871857288684133,-1
0.7748378161673591,-0.6507677821237142,0.4173520928625832,-0.09920984317759107,-1
0.17450251476055115,-0.10260031870201362,0.1076487187277593,-0.3257913837407302,-1
-0.052992200597711175,0.07112849485730838,0.0005943338508088842,0.04220617151945688,1
-0.4506888257161601,0.4034115601912211,0.009038993794455382,-0.8558553980599299,-1
-0.59727385377943,0.7520281037230191,0.9886410231865116,-0.6693053595516688,1
0.10642175085647647,-0.3359046791250182,0.4953995313586023,0.10856896399939846,-1
-0.35826226401341205,0.06649282920469349,0.6022058609308734,-0.13405685313726715,-1
0.7472847875209563,-0.7331594958713602,-0.02313573536328032,0.2302608453070068,-1
-0.186165172388658,0.3491597856004635,0.009621840520416732,0.15250048425782226,1
0.2707194401924339,-0.2743372446762276,0.002392193749505762,-0.4863576323366957,-1
0.09949704788978793,-0.05928581776039401,0.15880796107695966,-0.1372034742767222,-1
-0.5788322764049858,0.5994495147037521,-0.03368557741531368,-0.4910033350754639,1
-0.2804869159559734,0.24449514703751984,0.2864470655806618,-0.3075402939257935,-1
-0.5031707850426416,0.5621831087932782,-0.3569505429331292,-0.12743478191654584,1
-0.4770026969895766,0.31355932203389825,-0.7002626223108268,0.3626197390706462,1
-0.2804869159559734,0.3129436476894104,0.2864470655806618,-0.3075402939257935,1
0.20176397696625128,-0.12190352020860502,0.2180214676050594,-0.3628186168449608,-1
0.24921641519061144,-0.12320730117340273,-0.4684889020223167,0.5169508859899372,1
0.13003863255339304,-0.10386788352890047,-0.004719709991717616,-0.17803937826074764,-1
0.36008455426780384,-0.17586556569607406,0.9994930681860748,-0.34984821973904445,-1
-0.061156060937386215,0.03183398522381573,-0.0020950268241013183,0.11914315419293114,1
-0.30709235367009263,0.10245545415036944,-0.2597361707086641,-0.2728321012458603,-1
0.2804869159559734,-0.014957264957264902,-0.2864470655806618,0.3075402939257935,1
0.8035571105765725,-0.7799869621903519,-0.0074650079702333625,0.5827821402089626,-1
-0.4932575260587507,0.6946979574098219,-0.2501143301882473,-0.12033161698803807,1
-0.6735184780231794,0.6761190786614514,0.0027452979785157466,-0.7608215184697102,1
-0.1312048983162038,0.2763653483992467,0.36120943609038203,-0.2204370693405455,1
-0.23901158976601802,0.1445386064030132,0.3864351622556385,-0.5352485064144017,-1
-0.7009986150594066,0.5960451977401129,-0.3937506711227832,0.17166096856903895,1
-0.7523872002332529,0.6911849920324493,0.11153835908918754,-0.6443856679064829,1
-0.770026969895765,0.8125090540344777,-0.031060894247697382,-0.1938208026217851,1
-0.5829870981849988,0.4051861509488626,-0.30616683800240563,-0.2707119385958775,-1
0.186165172388658,-0.020824279298855417,-0.009621840520416732,-0.15250048425782226,1
0.4044026532546104,-0.4198536868028393,-0.03932246773408138,-0.31078311567906697,-1
0.12333260441723168,-0.0955019556714472,0.00357536760880513,-0.2641878560432097,-1
-0.3063634375683359,0.3071490656236419,0.0017386762337213706,0.4844334058234142,1
0.7523872002332529,-0.6853904099666809,-0.11153835908918754,0.6443856679064829,-1
-0.6477877396311684,0.5266912936404461,0.18194369644024,-0.367464319583729,1
0.3049056053648225,-0.19455309285817748,-0.198130428811041,-0.17357964140234478,-1
-0.9400102048254246,0.9416558018252932,-0.007315508867144741,-0.3635875378453627,1
0.6577009986150594,-0.7469216282775604,-0.07510748369535811,0.3745674845122368,-1
0.8322035133756105,-0.8495219469795741,0.03254123503240119,0.048776100771506535,-1
0.30840440265325464,-0.2386281326959293,0.20338275016752053,-0.32614400121976617,-1
0.3552008163860339,-0.5359626249456757,-0.6677213872784256,0.4113958398421528,-1
-0.5056490997886143,0.35158626684050404,0.7043060902571702,-0.8703518788560789,-1
0.6341570085283182,-0.5310010140518614,0.41024018912135984,0.209108410898357,-1
0.4943509002113857,-0.6446472548167465,0.7037991584432449,-0.4067501371033845,-1
0.14658502806326992,-0.34861654353179783,-0.9796020293920564,-0.1865500385082612,-1
-0.4148261535097311,0.5478777343184122,-0.6987822815261229,0.2175750372203677,1
-0.8778336613455792,0.8779878313776618,-0.005835168082440928,-0.5086322396956413,1
0.3536700925723449,-0.5160437490945965,0.6966872547020216,-0.09843188302743654,-1
0.20176397696625128,-0.11306678255830792,0.2180214676050594,-0.3628186168449608,-1
0.3063634375683359,-0.3071490656236419,-0.0017386762337213706,-0.4844334058234142,-1
0.07981631314235724,-0.07254092423583937,-0.050783704930723504,0.14327715667933166,1
0.3713098622348569,-0.4992394611038679,0.4663379378946098,0.2860768039992298,-1
0.07981631314235724,-0.3156236418948283,-0.050783704930723504,0.14327715667933166,-1
-0.7655076900648735,0.7203389830508472,0.10033320986061456,-0.689378921586093,1
0.027844595087105423,0.23102274373460824,-0.7910934411014321,-0.1654708813637386,1
0.7472847875209563,-0.6651455888744023,-0.02313573536328032,0.2302608453070068,-1
-0.770026969895765,0.7178400695349847,-0.031060894247697382,-0.1938208026217851,1
1.0,-0.9873967840069534,-0.0005069318139252255,0.4636017417526944,-1
-0.1172097091624754,0.1878893234825438,-0.20600743333513688,0.02896146876608736,1
0.4506888257161601,-0.4414385049978271,-0.009038993794455382,0.8558553980599299,1
0.7574896129455501,-0.6265029697233085,0.41381555673016496,-0.055079445144852725,-1
-0.19119469349077925,0.19357525713457926,0.0026246831676162976,0.2971825324536788,1
0.0610831693272104,0.0066999855135449005,0.21090956386383605,-0.05450036276901276,1
0.30709235367009263,-0.5078589019266986,0.2597361707086641,0.2728321012458603,-1
-0.6950215030250019,0.573518759959438,-0.4681357977933067,0.2424869998569228,1
0.0,-0.026655077502535245,0.0,0.0,-1
0.055762081784386665,-0.0601912212081704,-0.00015382758491524085,0.1891378556196799,1
0.5694292586923245,-0.6660147761842677,-0.19754758208507966,0.8347762409154075,-1
0.7292805598075661,-0.7168260176734753,-0.0028991255634309874,0.94995937408939,1
-0.13003863255339304,0.13508619440822828,0.004719709991717616,0.17803937826074764,1
0.19119469349077925,-0.16692017963204406,-0.0026246831676162976,-0.2971825324536788,-1
-0.8035571105765725,0.8112052730696797,0.0074650079702333625,-0.5827821402089626,1
0.6399154457321962,-0.8115312183108793,-1.0,0.8134499614917389,-1
-0.013120489831620464,0.02915399101839788,-0.011205149228572972,-0.044993253679609886,1
-0.038413878562577525,0.06598580327393891,0.05210160278687638,0.08270311150770944,1
-0.055762081784386665,0.054396639142401886,0.00015382758491524085,-0.1891378556196799,-1
-0.5841533639478095,0.4058380414312616,0.9998461724150848,-0.6243121058720589,-1
0.6399154457321962,-0.4602346805736635,-1.0,0.8134499614917389,1
0.5056490997886143,-0.35535274518325355,-0.7043060902571702,0.8703518788560789,1
-0.5563087688607041,0.468745472982761,0.20875273131365266,-0.7897829872357975,-1
-0.02274218237480869,0.05269448066058231,-0.054196629610977695,0.036440042685221705,1
-0.5041183759749253,0.3959148196436331,-0.4149598991130775,-0.38714778915910464,-1
-0.6725708870908959,0.8265246994060552,-0.3581385863344834,-0.12640529939064754,1
-0.5258400758072745,0.54780530204259,-0.034279911266122565,-0.5332095065949207,1
-0.9400102048254246,0.9265174561784733,-0.007315508867144741,-0.3635875378453627,1
0.2251621838326409,-0.11085759814573372,-0.4178590246765084,0.5628115849302855,1
0.8778336613455792,-0.8399608865710559,0.005835168082440928,0.5086322396956413,-1
0.5730738392011079,-0.6012241054613934,0.19933062525752385,0.2636087736673697,-1
-0.6577009986150594,0.6789077212806024,0.07510748369535811,-0.3745674845122368,1
-0.17450251476055115,0.22131681877444606,-0.1076487187277593,0.3257913837407302,1
-0.25337123697062475,0.2534767492394612,0.0011443423829124862,0.4422272343039573,1
-0.219403746628763,0.05609879762422123,-0.9923811644448514,0.04152996566309638,-1
0.2816531817187842,-0.3937418513689701,-0.3977941390691267,0.6793931083544716,1
-0.0564909978861433,0.05334637114298138,-0.020064885607381747,-0.11658152342418622,-1
-0.2707194401924339,0.2743372446762276,-0.002392193749505762,0.4863576323366957,1
0.28055980756614923,-0.4429957989280023,0.9944761912689528,-0.16067311985602753,-1
-0.2472483417158684,0.1489207590902505,-0.20128772334341927,0.20700084702683505,1
0.5165828413149646,-0.484354628422425,0.1792657396501421,0.14702725024318353,-1
0.2251621838326409,-0.34039548022598864,-0.4178590246765084,0.5628115849302855,1
0.6477877396311684,-0.5947052006374038,-0.18194369644024,0.367464319583729,-1
0.219403746628763,-0.05609879762422123,0.9923811644448514,-0.04152996566309638,1
0.8495517165974197,-0.8737867593799795,0.03607777116481944,0.004645702738768192,-1
-0.15832057730155258,0.2518470230334636,-0.7814716005810154,-0.01297039710591638,1
-0.0747139004300605,0.22301897725626527,0.38127432169776376,-0.10385554591635926,1
-0.6399154457321962,0.8115312183108793,1.0,-0.8134499614917389,1
0.4893213791092646,-0.5002172968274663,0.016354502661600122,-0.4922678602145673,-1
-0.06895546322618262,-0.024228596262494604,0.2156292738555536,0.12353901549173488,-1
-0.3659887746920329,0.3538678835289004,-0.012779135052794993,0.2280800041713575,1
-0.3427363510459947,0.5295523685354194,-0.9959565320536566,0.3057178217063061,1
-0.6735184780231794,0.6566347964653049,0.0027452979785157466,-0.7608215184697102,-1
0.2258910999343975,-0.3335506301607996,-0.3976403114842115,0.4902552527347918,-1
0.5563087688607041,-0.468745472982761,-0.20875273131365266,0.7897829872357975,1
-0.5563087688607041,0.4745400550485296,0.20875273131365266,-0.7897829872357975,-1
-0.09949704788978793,-0.02756048095031148,-0.15880796107695966,0.1372034742767222,-1
0.770026969895765,-0.7178400695349847,0.031060894247697382,0.1938208026217851,-1
-0.3920839711349224,0.49518325365783,-0.6445856519151452,0.18113499453514603,1
0.0,0.022888599159785705,0.0,0.0,1
0.8495517165974197,-0.8057728523830218,0.03607777116481944,0.004645702738768192,-1
0.4243020628325681,-0.2903447776329133,0.46574360404380105,0.2438706324797729,1
-0.4044026532546104,0.4707011444299579,0.03932246773408138,0.31078311567906697,1
0.017348203221809137,-0.024264812400405626,0.0035365361324182477,-0.04413039803273835,-1
0.15044828340258035,-0.11361002462697375,-0.036584702978744665,0.4589560390139262,1
-0.08491872585465418,0.05240475155729401,-0.05567697039568152,0.18148474453550026,1
-0.13426634594358192,0.4599449514703753,0.2956939097428298,0.056901917364340165,1
0.0,-0.00376647834274953,0.0,0.0,-1
0.4498870180042276,-0.2951615239750831,-0.7041522626722548,0.681214023236399,1
-0.10642175085647647,0.3359046791250182,-0.4953995313586023,-0.10856896399939846,1
0.0747139004300605,0.0065189048239895535,-0.38127432169776376,0.10385554591635926,1
0.017348203221809137,-0.03310155005070272,0.0035365361324182477,-0.04413039803273835,-1
0.3713098622348569,-0.25615674344487904,0.4663379378946098,0.2860768039992298,1
-0.3946351774910708,0.2714399536433434,-0.3954893473565046,-0.3127724372543753,-1
-0.30709235367009263,0.26477618426770977,-0.2597361707086641,-0.2728321012458603,-1
-0.4933304176689263,0.4629146747790815,0.0203979706079436,-1.0,-1
